"IDCAL";"FOODNAME";"CALORIE";"PROTEIN";"FATS";"CARBHDRT";"CALCIUM";"PHOSPHOR";"IRON";"VITA";"VITB1";"VITC";"amount";"FWEIGHT";"added";"ISACTIVE"
1;"Arrowroot";102.0;1.0;0.2;24.1;28.0;35.0;1.7;0.0;0.06;2.0;100.0;100;"admin";1
2;"Belitung";145.0;1.2;0.4;34.2;26.0;54.0;1.4;0.0;0.1;2.0;85.0;100;"admin";1
3;"Belitung kukus";145.0;1.2;0.4;34.2;21.0;48.0;0.9;0.0;0.08;1.2;100.0;100;"admin";1
4;"Beras benir";339.0;7.7;4.4;73.0;22.0;272.0;3.0;0.0;0.55;0.0;100.0;100;"admin";1
5;"Beras giling";360.0;6.8;0.7;78.9;6.0;140.0;1.0;0.0;0.12;0.0;100.0;100;"admin";1
6;"Beras giling pelita I/1";366.0;7.6;1.0;78.9;59.0;258.0;0.8;0.0;0.26;0.0;100.0;100;"admin";1
7;"Beras giling pelita II/1";396.0;9.5;1.4;77.1;68.0;171.0;1.4;0.0;0.26;0.0;100.0;100;"admin";1
8;"Beras jagung";345.0;9.1;2.0;76.5;14.0;311.0;3.7;0.0;0.17;0.0;100.0;100;"admin";1
9;"Beras ketan hitam";356.0;7.0;0.7;78.0;10.0;148.0;1.0;0.0;0.2;0.0;100.0;100;"admin";1
10;"Beras ketan hitam kukus";181.0;4.0;1.2;37.3;9.0;144.0;1.7;0.0;0.06;0.0;100.0;100;"admin";1
11;"Beras ketan hitam tumbuk";360.0;8.0;2.3;74.5;10.0;347.0;6.2;0.0;0.24;0.0;100.0;100;"admin";1
12;"Beras ketan putih";362.0;6.7;0.7;79.4;12.0;148.0;1.0;0.0;0.16;0.0;100.0;100;"admin";1
13;"Beras ketan putih kukus";163.0;3.0;0.4;35.7;4.0;55.0;0.7;0.0;0.07;0.0;100.0;100;"admin";1
14;"Beras ketan putih tumbuk";361.0;7.4;0.8;78.4;13.0;157.0;3.4;0.0;0.28;0.0;100.0;100;"admin";1
15;"Beras merah tumbuk";359.0;7.5;0.9;77.6;16.0;163.0;0.0;0.0;0.21;0.0;100.0;100;"admin";1
16;"Beras merah tumbuk";352.0;7.3;0.9;76.2;15.0;257.0;4.2;0.0;0.34;0.0;100.0;100;"admin";1
17;"Beras merah tumbuk (kukus)";149.0;2.8;0.4;32.5;6.0;63.0;0.8;0.0;0.06;0.0;100.0;100;"admin";1
18;"Beras paboiled";364.0;6.8;0.6;80.1;5.0;142.0;1.0;0.0;0.22;0.0;100.0;100;"admin";1
19;"Beras pecah kulit";335.0;7.4;1.9;76.2;12.0;290.0;2.0;0.0;0.32;0.0;100.0;100;"admin";1
20;"Beras rojolele";357.0;8.4;1.7;77.1;147.0;81.0;1.8;0.0;0.2;0.0;100.0;100;"admin";1
21;"Beras setengah giling";363.0;7.6;1.1;78.3;11.0;221.0;1.0;0.0;0.19;0.0;100.0;100;"admin";1
22;"Beras tumbuk pelita I/1";365.0;9.7;1.4;75.9;72.0;205.0;0.9;0.0;0.34;0.0;100.0;100;"admin";1
23;"Beras tumbuk pelita II/1";360.0;9.4;1.3;75.2;59.0;170.0;1.9;0.0;0.4;0.0;100.0;100;"admin";1
24;"Gadung";101.0;2.1;0.2;23.2;20.0;69.0;1.0;0.0;0.1;9.0;85.0;100;"admin";1
25;"Gadung (DKBM P3G '90)";100.0;0.9;0.3;23.5;79.0;66.0;0.9;0.0;0.23;1.9;85.0;100;"admin";1
26;"Ganyong";95.0;1.0;0.1;22.6;21.0;70.0;20.0;0.0;0.1;10.0;65.0;100;"admin";1
27;"Ganyong (DKBM P3G '90)";77.0;0.6;0.2;18.4;15.0;67.0;1.0;0.0;0.1;9.0;65.0;100;"admin";1
28;"Gaplek";338.0;1.5;0.7;81.3;80.0;60.0;2.0;0.0;0.04;0.0;100.0;100;"admin";1
29;"Gembili";95.0;1.5;0.1;22.4;14.0;49.0;1.0;0.0;0.05;4.0;85.0;100;"admin";1
30;"Gembili (DKBM P3G '90)";131.0;1.1;0.2;31.3;14.0;56.0;0.6;0.0;0.08;4.0;85.0;100;"admin";1
31;"Jali";289.0;11.0;4.0;61.0;213.0;176.0;11.0;0.0;0.14;0.0;90.0;100;"admin";1
32;"Jagung giling kuning";361.0;8.7;4.5;72.4;9.0;380.0;5.0;350.0;0.27;0.0;100.0;100;"admin";1
33;"Jagung giling putih";361.0;8.7;4.5;72.4;9.0;380.0;5.0;0.0;0.27;0.0;100.0;100;"admin";1
34;"Jagung harapan";367.0;6.2;5.1;76.2;7.0;354.0;2.8;0.0;0.19;0.0;100.0;100;"admin";1
35;"Jagung kuning";366.0;9.8;7.3;69.1;30.0;538.0;2.3;0.0;0.12;3.0;100.0;100;"admin";1
36;"Jagung kuning muda";147.0;5.1;0.7;31.5;6.0;122.0;1.1;0.0;0.24;9.0;100.0;100;"admin";1
37;"Jagung kuning muda rebus";142.0;5.0;0.7;30.5;5.0;105.0;0.8;0.0;0.15;0.0;100.0;100;"admin";1
38;"Jagung kuning rebus";366.0;9.8;7.3;69.1;30.0;538.0;2.3;0.0;0.12;3.0;100.0;100;"admin";1
39;"Jagung kuning pipil baru";307.0;7.9;3.4;63.6;9.0;148.0;2.0;440.0;0.33;0.0;90.0;100;"admin";1
40;"Jagung kuning pipil lama";355.0;9.2;3.9;73.7;10.0;256.0;2.0;510.0;0.38;0.0;90.0;100;"admin";1
41;"Jagung metro";368.0;5.5;4.6;78.0;7.0;300.0;2.4;0.0;0.16;0.0;100.0;100;"admin";1
42;"Jagung putih pipil baru";307.0;7.9;3.4;63.6;9.0;148.0;2.0;0.0;0.33;0.0;90.0;100;"admin";1
43;"Jagung putih pipil lama";355.0;9.2;3.9;73.7;10.0;256.0;2.0;0.0;0.38;0.0;90.0;100;"admin";1
44;"Jagung segar kuning";140.0;4.7;1.3;33.1;6.0;118.0;1.0;435.0;0.24;8.0;90.0;100;"admin";1
45;"Jagung segar putih";140.0;4.7;1.3;33.1;6.0;118.0;1.0;0.0;0.24;8.0;90.0;100;"admin";1
46;"Jagung titi";374.0;9.4;2.2;79.1;14.0;142.0;2.9;0.0;0.2;0.0;100.0;100;"admin";1
47;"Jawawut";334.0;9.7;3.5;73.4;28.0;311.0;5.0;0.0;0.51;0.0;100.0;100;"admin";1
48;"Kaburan";133.0;1.0;0.2;32.2;65.0;50.0;0.6;0.0;0.01;0.0;81.0;100;"admin";1
49;"Katul beras";275.0;12.6;14.8;54.6;32.0;2000.0;14.0;0.0;0.82;0.0;100.0;100;"admin";1
50;"Katul jagung";356.0;9.0;8.5;64.5;200.0;500.0;10.0;0.0;1.2;0.0;100.0;100;"admin";1
51;"Kentang";83.0;2.0;0.1;19.1;11.0;56.0;1.0;0.0;0.11;17.0;85.0;100;"admin";1
52;"Kentang (DKBM P3G '90)";62.0;2.1;0.2;13.5;63.0;58.0;0.7;0.0;0.09;21.0;84.0;100;"admin";1
53;"Kentang hitam";142.0;0.9;0.4;37.7;34.0;75.0;0.0;0.0;0.02;38.0;75.0;100;"admin";1
54;"Keribang";137.0;1.3;1.1;29.8;45.0;56.0;0.8;0.0;0.0;0.0;83.0;100;"admin";1
55;"Ketan (lihat beras ketan )";362.0;6.7;0.7;79.4;12.0;148.0;1.0;0.0;0.16;0.0;100.0;100;"admin";1
56;"Ketela pohon (DKBM P3G '90)";154.0;1.0;0.3;36.8;77.0;24.0;1.1;0.0;0.06;31.0;85.0;100;"admin";1
57;"Ketela pohon (singkong)";146.0;1.2;0.3;34.7;33.0;40.0;1.0;0.0;0.06;30.0;75.0;100;"admin";1
58;"Ketela pohon kuning";157.0;0.8;0.3;37.9;33.0;40.0;1.0;385.0;0.06;30.0;75.0;100;"admin";1
59;"Komba ( bentul )";98.0;1.6;0.7;20.9;44.0;66.0;1.5;0.0;0.02;0.0;86.0;100;"admin";1
60;"Mi kering";339.0;10.0;1.7;76.3;31.0;143.0;3.9;0.0;0.0;0.0;100.0;100;"admin";1
61;"Misoa";345.0;8.5;2.2;78.0;52.0;120.0;8.7;0.0;0.0;0.0;100.0;100;"admin";1
62;"Sente";64.0;0.6;0.3;14.8;30.0;50.0;1.0;0.0;0.05;5.0;86.0;100;"admin";1
63;"Suweg";69.0;1.0;0.1;15.7;62.0;41.0;4.0;0.0;0.07;5.0;86.0;100;"admin";1
64;"Suweg (DKBM P3G '90)";74.0;1.4;0.1;17.2;42.0;46.0;1.3;0.0;0.04;2.3;85.0;100;"admin";1
65;"Talas";98.0;1.9;0.2;23.7;28.0;61.0;1.0;20.0;0.13;4.0;85.0;100;"admin";1
66;"Talas bogor";108.0;1.4;0.4;25.0;47.0;67.0;0.7;0.0;0.06;4.0;85.0;100;"admin";1
67;"Talas pontianak";163.0;2.3;0.5;36.4;45.0;80.0;1.7;0.0;0.02;0.0;83.0;100;"admin";1
68;"Tepung terigu";333.0;9.0;1.0;77.2;22.0;150.0;1.3;0.0;0.1;0.0;100.0;100;"admin";1
69;"Ubi jalar kuning";114.0;0.8;0.5;26.7;51.0;47.0;0.9;0.0;0.06;22.0;85.0;100;"admin";1
70;"Ubi jalar merah";123.0;1.8;0.7;27.9;30.0;49.0;1.0;7700.0;0.09;22.0;86.0;100;"admin";1
71;"Ubi jalar merah (DKBM P3G '90)";151.0;1.6;0.3;35.4;29.0;74.0;0.7;0.0;0.13;10.5;93.0;100;"admin";1
72;"Ubi jalar puith (DKBM P3G '90)";152.0;1.5;0.3;35.7;29.0;64.0;0.8;0.0;0.17;9.8;91.0;100;"admin";1
73;"Ubi jalar putih";123.0;1.8;0.7;27.9;30.0;49.0;1.0;60.0;0.09;22.0;86.0;100;"admin";1
74;"Ubi kemayung";150.0;1.5;0.2;35.5;24.0;48.0;0.8;0.0;0.13;6.2;85.0;100;"admin";1
75;"Ubi manis";83.0;1.5;0.2;18.8;27.0;162.0;2.1;0.0;0.02;0.0;85.0;100;"admin";1
76;"Uwi";101.0;2.0;0.2;19.8;45.0;280.0;2.0;0.0;0.1;9.0;86.0;100;"admin";1
77;"Bihun";360.0;4.7;0.1;82.1;6.0;35.0;1.0;0.0;0.0;0.0;100.0;100;"admin";1
78;"Biskuit";458.0;6.9;14.4;75.1;62.0;87.0;3.0;0.0;0.09;0.0;100.0;100;"admin";1
79;"Cantel";332.0;11.0;3.3;73.0;28.0;287.0;4.0;0.0;0.38;0.0;100.0;100;"admin";1
80;"Havermout";390.0;14.2;7.4;68.2;53.0;405.0;5.0;0.0;0.6;0.0;100.0;100;"admin";1
81;"Jagung muda kuning rebus/bakar";129.0;4.1;1.3;30.3;5.0;108.0;1.0;117.0;0.18;9.0;28.0;100;"admin";1
82;"Jagung muda putih rebus/bakar";129.0;4.1;1.3;30.3;5.0;108.0;1.0;0.0;0.18;9.0;28.0;100;"admin";1
83;"Kerupuk aci";350.0;0.5;0.2;85.9;0.0;0.0;0.0;0.0;0.0;0.0;100.0;100;"admin";1
84;"Ketela mie golosor";71.0;0.2;0.8;15.9;117.0;5.0;0.2;0.0;0.05;0.0;100.0;100;"admin";1
85;"Ketela oyek";342.0;2.3;0.1;38.1;27.0;61.0;7.6;0.0;0.06;0.0;100.0;100;"admin";1
86;"Macaroni";363.0;8.7;0.4;78.7;20.0;80.0;0.0;0.0;0.1;0.0;100.0;100;"admin";1
87;"Maizena ( pati jagung )";343.0;0.3;0.0;85.0;20.0;30.0;2.0;0.0;0.0;0.0;100.0;100;"admin";1
88;"Mi basah";86.0;0.6;3.3;14.0;14.0;13.0;1.0;0.0;0.0;0.0;100.0;100;"admin";1
89;"Mi kering";337.0;7.9;11.8;50.0;49.0;47.0;3.0;0.0;0.01;0.0;100.0;100;"admin";1
90;"Pati singkong ( tapioka )";362.0;0.5;0.3;86.9;0.0;0.0;0.0;0.0;0.0;0.0;100.0;100;"admin";1
91;"Roti putih";248.0;8.0;1.2;50.0;10.0;95.0;2.0;0.0;0.1;0.0;100.0;100;"admin";1
92;"Roti warna sawo matang";249.0;7.9;1.5;49.7;20.0;140.0;3.0;0.0;0.15;0.0;100.0;100;"admin";1
93;"Tape singkong";173.0;0.5;0.1;42.5;30.0;30.0;0.0;0.0;0.07;0.0;100.0;100;"admin";1
94;"Tepung beras";364.0;7.0;0.5;80.0;5.0;140.0;1.0;0.0;0.12;0.0;100.0;100;"admin";1
95;"Tepung gaplek";363.0;1.1;0.5;88.2;84.0;125.0;1.0;0.0;0.04;0.0;100.0;100;"admin";1
96;"Tepung garut (tepung anowroot)";355.0;0.7;0.2;85.2;8.0;22.0;2.0;0.0;0.09;0.0;100.0;100;"admin";1
97;"Tepung jagung kuning";355.0;9.2;3.9;73.7;10.0;256.0;2.0;510.0;0.38;0.0;100.0;100;"admin";1
98;"Tepung jagung putih";355.0;9.2;3.9;73.7;10.0;256.0;2.0;0.0;0.38;0.0;100.0;100;"admin";1
99;"Tepung kentang";347.0;0.3;0.1;85.6;20.0;30.0;1.0;0.0;0.04;0.0;100.0;100;"admin";1
100;"Tepung sagu";353.0;0.7;0.2;84.7;11.0;13.0;2.0;0.0;0.01;0.0;100.0;100;"admin";1
101;"Tepung sagu";209.0;0.3;0.2;51.6;27.0;13.0;0.6;0.0;0.01;0.0;100.0;100;"admin";1
102;"Tepung sagu ambon";555.0;11.5;51.1;21.6;1408.0;556.0;6.5;0.0;0.95;0.0;100.0;100;"admin";1
103;"Tepung terigu";365.0;8.9;1.3;77.3;16.0;106.0;1.0;0.0;0.12;0.0;100.0;100;"admin";1
104;"Tipa tipa (emping)";355.0;6.1;1.2;79.8;17.0;328.0;1.6;0.0;0.26;0.0;100.0;100;"admin";1
105;"Vermicelli";363.0;8.7;0.4;78.7;20.0;80.0;0.0;0.0;0.1;0.0;100.0;100;"admin";1
106;"Akar tonjong";45.0;1.1;0.4;10.8;72.0;125.0;1.3;0.0;0.02;1.8;100.0;100;"admin";0
107;"Ake .toge";37.0;4.4;0.5;3.8;50.0;248.0;2.0;0.0;0.02;46.0;90.0;100;"admin";0
108;"Biji jambu mete";606.0;19.5;47.3;34.9;416.0;538.0;8.3;0.0;0.15;0.0;100.0;100;"admin";1
109;"Biji jambu mete";606.0;19.5;47.3;34.9;416.0;538.0;8.3;0.0;0.15;0.0;100.0;100;"admin";1
110;"Biji jambu monyet (mente)";562.0;21.2;49.6;23.6;50.0;450.0;5.0;100.0;0.02;0.0;100.0;100;"admin";1
111;"Bungkil biji karet";333.0;29.3;3.3;50.0;102.0;660.0;12.0;0.0;0.1;0.0;100.0;100;"admin";1
112;"Bungkil kacang tanah";336.0;37.4;13.0;30.5;730.0;470.0;31.0;0.0;0.04;0.0;100.0;100;"admin";1
113;"Bungkil kelapa";368.0;23.0;15.0;40.0;137.0;433.0;42.0;0.0;0.0;0.0;100.0;100;"admin";1
114;"Jengkol";20.0;3.5;0.1;3.1;21.0;25.0;1.0;240.0;0.1;12.0;90.0;100;"admin";1
115;"Jengkol";140.0;6.3;0.1;28.8;29.0;45.0;0.9;0.0;0.65;24.0;90.0;100;"admin";1
116;"Kabau";199.0;6.4;1.1;41.0;40.0;108.0;1.8;0.0;0.03;0.0;100.0;100;"admin";1
117;"Kacang arab";330.0;23.8;1.4;60.2;57.0;388.0;5.0;140.0;0.77;2.0;100.0;100;"admin";1
118;"Kacang babi";341.0;30.4;3.2;51.3;178.0;521.0;6.8;0.0;0.23;0.0;80.0;100;"admin";1
119;"Kacang babi bogor";165.0;7.7;3.1;27.4;96.0;126.0;5.3;0.0;0.0;0.0;35.0;100;"admin";1
120;"Kacang babi gude";316.0;20.7;1.0;58.0;146.0;445.0;4.7;0.0;0.3;0.0;100.0;100;"admin";1
121;"Kacang babi kecipir";400.0;34.4;16.9;34.1;468.0;182.0;6.8;0.0;0.3;3.5;100.0;100;"admin";1
122;"Kacang bogor";370.0;16.0;6.0;65.0;85.0;264.0;4.0;0.0;0.18;0.0;100.0;100;"admin";1
123;"Kacang endel biji";331.0;25.0;1.0;58.0;80.0;400.0;5.0;0.0;0.3;9.0;95.0;100;"admin";1
124;"Kacang gude biji";336.0;20.7;1.4;62.0;125.0;275.0;4.0;150.0;0.48;5.0;100.0;100;"admin";1
125;"Kacang gude biji muda";114.0;7.0;0.6;20.8;3.0;122.0;2.0;70.0;0.37;43.0;100.0;100;"admin";1
126;"Kacang hijau var. siwalik";339.0;20.8;2.1;64.6;122.0;136.0;4.0;0.0;0.45;9.0;100.0;100;"admin";1
127;"Kacang hijau var.bakti";350.0;17.1;1.8;70.7;94.0;315.0;4.9;0.0;0.4;11.0;100.0;100;"admin";1
128;"Kacang hijau var.takdiketahui";323.0;22.9;1.5;56.8;223.0;319.0;7.5;0.0;0.46;10.0;100.0;100;"admin";1
129;"Kacang ijo";345.0;22.2;1.2;62.9;125.0;320.0;7.0;157.0;0.64;6.0;100.0;100;"admin";1
130;"Kacang kedelai";381.0;40.4;16.7;24.9;222.0;682.0;10.0;0.0;0.52;99.99;100.0;100;"admin";1
131;"Kacang kedele basah";286.0;30.2;15.6;30.1;196.0;506.0;7.0;95.0;0.93;0.0;100.0;100;"admin";1
132;"Kacang kedele kering";331.0;34.9;18.1;34.8;227.0;585.0;8.0;110.0;1.07;0.0;100.0;100;"admin";1
133;"Kacang merah (kacang galing)";336.0;23.1;1.7;59.5;80.0;400.0;5.0;0.0;0.6;0.0;95.0;100;"admin";1
134;"Kacang merah kering";314.0;22.1;1.1;56.2;502.0;429.0;10.3;0.0;0.4;0.0;97.0;100;"admin";1
135;"Kacang merah segar";171.0;11.0;2.2;28.0;293.0;134.0;3.7;0.0;0.15;0.0;100.0;100;"admin";1
136;"Kacang merah tua";280.0;16.7;1.6;63.2;209.0;335.0;6.4;0.0;0.1;5.7;100.0;100;"admin";1
137;"Kacang panjang biji";357.0;17.3;1.5;70.0;163.0;437.0;7.0;0.0;0.57;2.0;100.0;100;"admin";1
138;"Kacang roay";344.0;12.5;2.1;69.4;70.0;103.0;4.4;0.0;0.11;1.0;100.0;100;"admin";1
139;"Kacang tanah";525.0;27.9;42.7;17.4;315.0;456.0;5.7;0.0;0.44;0.0;100.0;100;"admin";1
140;"Kacang tanah terkupas selaput";452.0;25.3;42.8;21.1;58.0;335.0;1.0;0.0;0.3;3.0;100.0;100;"admin";1
141;"Kacang tolo";331.0;24.4;1.9;56.6;481.0;399.0;13.9;0.0;0.06;0.0;100.0;100;"admin";1
142;"Kacang tunggak (kacang tolo)";342.0;22.9;1.4;61.6;77.0;449.0;7.0;30.0;0.92;2.0;100.0;100;"admin";1
143;"Kacang uci";358.0;23.4;2.4;60.6;269.0;264.0;0.5;0.0;0.1;2.0;100.0;100;"admin";1
144;"Kecipir biji";405.0;32.8;17.0;36.5;80.0;200.0;2.0;0.0;0.03;0.0;100.0;100;"admin";1
145;"Kelapa muda air";17.0;0.2;0.1;3.8;15.0;8.0;0.0;0.0;0.0;1.0;100.0;100;"admin";1
146;"Kelapa muda daging";68.0;1.0;0.9;14.0;7.0;30.0;1.0;0.0;0.06;4.0;53.0;100;"admin";1
147;"Kelapa setengah tua daging";180.0;4.0;15.0;10.0;8.0;55.0;1.0;10.0;0.05;4.0;53.0;100;"admin";1
148;"Kelapa tua daging";359.0;3.4;34.7;14.0;21.0;98.0;2.0;0.0;0.1;2.0;53.0;100;"admin";1
149;"Kemiri";636.0;19.0;63.0;8.0;80.0;200.0;2.0;0.0;0.06;0.0;100.0;100;"admin";1
150;"Kenari";657.0;15.0;66.0;13.0;92.0;691.0;8.0;0.0;0.42;0.0;100.0;100;"admin";1
151;"Ketumbar";404.0;14.1;16.1;54.2;630.0;370.0;18.0;1570.0;0.2;0.0;100.0;100;"admin";1
152;"Kluwak";273.0;10.0;24.0;13.5;40.0;100.0;2.0;0.0;0.15;30.0;80.0;100;"admin";1
153;"Koro andong";356.0;20.5;4.1;61.6;150.0;272.0;6.2;0.0;0.29;1.0;100.0;100;"admin";1
154;"Koro benguk biji";332.0;24.0;3.0;55.0;130.0;200.0;2.0;70.0;0.3;0.0;95.0;100;"admin";1
155;"Koro loke biji";33.0;2.7;0.2;7.9;60.0;40.0;2.0;40.0;0.1;0.0;95.0;100;"admin";1
156;"Koro wedus biji";338.0;22.2;1.5;61.0;88.0;395.0;4.0;0.0;0.62;0.0;100.0;100;"admin";1
157;"Lamtoro (pete cina) biji muda";85.0;5.7;0.3;15.4;180.0;53.0;3.0;423.0;0.08;15.0;100.0;100;"admin";1
158;"Lamtoro (pete cina) biji tua";148.0;10.6;0.5;26.2;155.0;59.0;2.0;416.0;0.23;20.0;100.0;100;"admin";1
159;"Lamtoro gung / kupasan";367.0;46.4;5.4;32.5;136.0;441.0;23.3;0.0;0.06;9.3;100.0;100;"admin";1
160;"Lamtoro var. lokal";336.0;23.8;1.2;59.7;867.0;321.0;1.5;0.0;0.15;16.0;100.0;100;"admin";1
161;"Lamtoro var. tempe";128.0;10.7;0.5;21.3;203.0;108.0;0.0;0.0;0.17;2.0;100.0;100;"admin";1
162;"Nangka biji";165.0;4.2;0.1;36.7;33.0;200.0;1.0;0.0;0.2;10.0;75.0;100;"admin";1
163;"Pala biji";494.0;7.5;36.4;40.1;120.0;240.0;5.0;0.0;0.2;0.0;95.0;100;"admin";1
164;"Pete segar";142.0;10.4;2.0;22.0;95.0;115.0;1.0;200.0;0.17;36.0;36.0;100;"admin";1
165;"Saga merah terkupas";449.0;30.6;25.5;31.9;1062.0;161.0;14.2;0.0;0.09;7.0;100.0;100;"admin";1
166;"Wijen";568.0;19.3;51.1;18.1;1125.0;614.0;10.0;0.0;0.93;0.0;100.0;100;"admin";1
167;"Wijen (DKBM P3G '90)";555.0;11.5;51.5;21.6;1408.0;556.0;6.5;0.0;0.95;0.0;100.0;100;"admin";1
168;"Ampas tahu";414.0;26.6;18.3;41.3;19.0;29.0;4.0;0.0;0.2;0.0;100.0;100;"admin";0
169;"Ampas tahu (DKBM P3G '90)";67.0;5.0;2.1;8.1;460.0;88.0;1.0;0.0;0.06;0.0;100.0;100;"admin";0
170;"Biji jambu mete goreng";629.0;21.5;56.6;19.8;502.0;493.0;8.0;0.0;0.18;0.0;100.0;100;"admin";1
171;"Bongkrek(tempe bungkil kelapa)";119.0;4.4;3.5;18.3;27.0;100.0;3.0;0.0;0.08;0.0;100.0;100;"admin";1
172;"Emping (kerupuk melinjo)";345.0;12.0;1.5;71.5;100.0;400.0;5.0;0.0;0.2;0.0;100.0;100;"admin";1
173;"Kac.tanah sangan tanpa slpt";559.0;26.9;44.2;23.6;74.0;393.0;2.0;0.0;0.3;0.0;100.0;100;"admin";1
174;"Kacang ampas";96.0;3.7;0.6;19.1;133.0;150.0;1.3;0.0;0.05;0.0;100.0;100;"admin";1
175;"Kacang babi jadi tempe";139.0;12.5;0.8;31.9;68.0;182.0;2.6;0.0;0.1;0.0;100.0;100;"admin";1
176;"Kacang babi kecipir tempe";212.0;17.5;10.0;12.9;186.0;160.0;2.2;0.0;0.02;0.0;100.0;100;"admin";1
177;"Kacang oncom";376.0;14.9;6.0;65.7;199.0;110.0;10.9;0.0;0.03;0.0;100.0;100;"admin";1
178;"Kacang tanah goreng";564.0;25.5;44.4;25.5;106.0;390.0;4.1;0.0;0.4;0.0;100.0;100;"admin";1
179;"Kacang tanah rebus dgn kulit";360.0;13.5;31.2;12.8;42.0;177.0;1.0;0.0;0.44;5.0;43.0;100;"admin";1
180;"Keju kacang tanah (peanut b)";590.0;27.0;49.0;20.9;60.0;360.0;2.0;0.0;0.3;0.0;100.0;100;"admin";1
181;"Kembang tahu";380.0;48.9;13.8;23.3;378.0;781.0;0.0;0.0;0.0;0.0;100.0;100;"admin";1
182;"Koro kerupuk biji";125.0;8.3;0.7;22.1;17.0;12.0;3.0;80.0;0.11;31.0;68.0;100;"admin";1
183;"Kwaci";515.0;30.6;42.1;13.8;54.0;312.0;6.0;0.0;0.02;0.0;35.0;100;"admin";1
184;"Lamroto tempe dengn kulit";146.0;11.7;2.3;19.6;128.0;41.0;6.8;0.0;0.19;0.0;100.0;100;"admin";1
185;"Lamtoro tempe";131.0;18.0;0.8;13.0;95.0;154.0;12.4;0.0;0.2;0.0;100.0;100;"admin";1
186;"Oncom";187.0;13.0;6.0;22.6;96.0;115.0;27.0;0.0;0.09;0.0;100.0;100;"admin";1
187;"Oncom dan singkong";351.0;11.0;5.3;65.9;164.0;113.0;7.8;0.0;0.01;0.0;100.0;100;"admin";1
188;"Santan (kelapa diperas)";324.0;4.2;34.3;5.6;14.0;45.0;2.0;0.0;0.02;2.0;100.0;100;"admin";1
189;"Santan(kelapa diperas dgn air)";122.0;2.0;10.0;7.6;25.0;30.0;0.0;0.0;0.0;2.0;100.0;100;"admin";1
190;"Saridele bubuk";344.0;30.0;20.0;43.0;450.0;500.0;4.0;2000.0;0.7;10.0;100.0;100;"admin";1
191;"Susu kedele";41.0;3.5;2.5;5.0;50.0;45.0;1.0;200.0;0.08;2.0;100.0;100;"admin";1
192;"Tahu";68.0;7.8;4.6;1.6;124.0;63.0;1.0;0.0;0.06;0.0;100.0;100;"admin";1
193;"Tahu (DKBM P3G '90)";80.0;10.9;4.7;0.8;223.0;183.0;2.4;0.0;0.01;0.0;100.0;100;"admin";1
194;"Taokoa (DKBM P3G '90)";148.0;13.8;8.5;4.0;140.0;214.0;8.5;0.0;0.02;0.0;100.0;100;"admin";1
195;"Taokoa";104.0;12.9;6.8;1.2;153.0;119.0;2.0;0.0;0.05;0.0;100.0;100;"admin";1
196;"Tauco";166.0;10.4;4.9;24.1;55.0;365.0;1.0;23.0;0.05;0.0;100.0;100;"admin";1
197;"Tempe gembus";73.0;5.7;1.3;10.3;204.0;80.0;1.5;0.0;0.09;0.0;100.0;100;"admin";1
198;"Tempe gembus yogya";76.0;8.6;0.7;10.6;76.0;142.0;16.5;0.0;0.79;0.0;100.0;100;"admin";1
199;"Tempe gembus(puslitbang)";73.0;5.7;1.3;10.3;204.0;80.0;1.5;0.0;0.09;0.0;100.0;100;"admin";1
200;"Tempe kedelai dan jagung";143.0;12.0;5.5;11.4;155.0;156.0;6.8;0.0;0.33;0.0;100.0;100;"admin";1
201;"Tempe kedelai murni";201.0;20.8;8.8;13.5;155.0;326.0;4.0;0.0;0.19;0.0;100.0;100;"admin";1
202;"Tempe kedelai pasar";150.0;14.0;7.7;9.1;517.0;202.0;1.5;0.0;0.17;0.0;100.0;100;"admin";1
203;"Tempe kedele murni";149.0;18.3;4.0;12.7;129.0;154.0;10.0;50.0;0.17;0.0;100.0;100;"admin";1
204;"Tempe koro benguk";141.0;10.2;1.3;23.2;42.0;15.0;3.0;0.0;0.09;0.0;100.0;100;"admin";1
205;"Tempe lamtoro";142.0;11.0;2.5;20.4;42.0;15.0;3.0;30.0;0.19;0.0;100.0;100;"admin";1
206;"Tepung hunkwee (pati kac. ijo)";364.0;4.5;1.0;83.5;50.0;100.0;1.0;0.0;0.0;0.0;100.0;100;"admin";1
207;"Tepung kacang kedele";347.0;35.9;20.6;29.9;195.0;554.0;8.0;140.0;0.77;0.0;100.0;100;"admin";1
208;"Angsa";354.0;16.4;31.5;0.0;15.0;188.0;2.0;900.0;0.1;0.0;60.0;100;"admin";0
209;"Ayam";302.0;18.2;25.0;0.0;14.0;200.0;2.0;810.0;0.08;0.0;58.0;100;"admin";1
210;"Babat";113.0;17.6;4.2;0.0;12.0;144.0;1.0;0.0;0.15;0.0;100.0;100;"admin";1
211;"Bebek ( itik )";326.0;16.0;28.6;0.0;15.0;188.0;2.0;900.0;0.1;0.0;60.0;100;"admin";1
212;"Daging anak sapi";190.0;19.1;12.0;0.0;11.0;193.0;3.0;40.0;0.14;0.0;100.0;100;"admin";1
213;"Daging babi gemuk";457.0;11.9;45.0;0.0;7.0;117.0;2.0;0.0;0.58;0.0;100.0;100;"admin";1
214;"Daging babi kurus";376.0;14.1;35.0;0.0;8.0;151.0;2.0;0.0;0.67;0.0;100.0;100;"admin";1
215;"Daging domba";206.0;17.1;14.8;0.0;10.0;191.0;3.0;0.0;0.15;0.0;100.0;100;"admin";1
216;"Daging kambing";154.0;16.6;9.2;0.0;11.0;124.0;1.0;0.0;0.09;0.0;100.0;100;"admin";1
217;"Daging kerbau";84.0;18.7;0.5;0.0;7.0;151.0;2.0;0.0;0.02;0.0;100.0;100;"admin";1
218;"Daging kuda";118.0;18.1;4.1;0.9;10.0;150.0;3.0;0.0;0.07;0.0;100.0;100;"admin";1
219;"Daging sapi";207.0;18.8;14.0;0.0;11.0;170.0;3.0;30.0;0.08;0.0;100.0;100;"admin";1
220;"Dideh (darah ayam)";77.0;13.8;1.9;0.7;15.0;9.0;1.0;50.0;0.02;0.0;100.0;100;"admin";1
221;"Dideh (darah sapi)";104.0;21.9;1.1;0.0;7.0;24.0;1.0;50.0;0.0;0.0;100.0;100;"admin";1
222;"Ginjal babi";114.0;16.3;4.6;0.8;11.0;246.0;8.0;130.0;0.58;13.0;100.0;100;"admin";1
223;"Ginjal domba";105.0;16.6;3.3;1.0;13.0;237.0;9.0;1150.0;0.51;13.0;100.0;100;"admin";1
224;"Ginjal sapi";141.0;15.0;8.1;0.9;9.0;221.0;8.0;1150.0;0.37;13.0;100.0;100;"admin";1
225;"Ham";389.0;16.9;35.0;0.3;10.0;136.0;3.0;0.0;0.7;0.0;100.0;100;"admin";1
226;"Hati babi";134.0;19.7;4.8;1.7;10.0;362.0;18.0;14200.0;0.4;23.0;100.0;100;"admin";1
227;"Hati sapi";136.0;19.7;3.2;6.0;7.0;358.0;7.0;43900.0;0.26;31.0;100.0;100;"admin";1
228;"Lemak babi (bacon)";630.0;9.1;65.0;1.1;13.0;108.0;0.0;0.0;0.38;0.0;100.0;100;"admin";1
229;"Otak";125.0;10.4;8.6;0.8;16.0;330.0;4.0;0.0;0.23;18.0;100.0;100;"admin";1
230;"Usus sapi";130.0;14.0;7.2;1.5;14.0;115.0;4.0;200.0;0.08;0.0;100.0;100;"admin";1
231;"Daging asap";191.0;32.0;6.0;0.0;15.0;300.0;5.0;20.0;0.12;0.0;100.0;100;"admin";1
232;"Daging kornet  ( corned beef )";241.0;16.0;25.0;0.0;10.0;170.0;4.0;0.0;0.01;0.0;100.0;100;"admin";1
233;"Dendeng daging sapi";433.0;55.0;9.0;0.0;30.0;370.0;5.0;0.0;0.1;0.0;100.0;100;"admin";1
234;"Kerupuk kulit kerbau";422.0;83.0;4.0;0.0;5.0;10.0;0.0;0.0;0.0;0.0;100.0;100;"admin";1
235;"Sarang burung";281.0;37.5;0.3;32.1;485.0;18.0;3.0;0.0;0.0;0.0;100.0;100;"admin";1
236;"Sosis daging ( wosrt )";452.0;14.5;42.3;2.3;28.0;61.0;1.0;0.0;0.1;0.0;100.0;100;"admin";1
237;"Sosis hati ( leverwosrt )";387.0;16.0;22.0;3.0;20.0;150.0;4.0;4000.0;0.2;0.0;100.0;100;"admin";1
238;"Telur ayam";162.0;12.8;11.5;0.7;54.0;180.0;3.0;900.0;0.1;0.0;90.0;100;"admin";1
239;"Telur ayam bagian kuning";361.0;16.3;31.9;0.7;147.0;586.0;7.0;2000.0;0.27;0.0;100.0;100;"admin";1
240;"Telur ayam bagian putih";50.0;10.8;0.0;0.8;6.0;17.0;0.0;0.0;0.0;0.0;100.0;100;"admin";1
241;"Telur ayam lokal";196.0;13.0;15.3;0.8;67.0;334.0;3.3;213.0;0.31;0.0;87.0;100;"admin";1
242;"Telur ayam ras";154.0;12.4;10.8;0.7;86.0;258.0;3.0;200.0;0.12;0.0;89.0;100;"admin";1
243;"Telur bebek (DKBM P3G '90)";202.0;12.5;16.4;0.0;100.0;347.0;5.5;233.0;0.3;0.0;90.0;100;"admin";1
244;"Telur bebek (telur itik)";189.0;13.1;14.3;0.8;56.0;175.0;3.0;1230.0;0.18;0.0;90.0;100;"admin";1
245;"Telur bebek bagian kuning";398.0;17.0;35.0;0.8;150.0;400.0;7.0;2870.0;0.6;0.0;100.0;100;"admin";1
246;"Telur bebek bagian putih";54.0;11.0;0.0;0.8;21.0;20.0;0.0;0.0;0.01;0.0;100.0;100;"admin";1
247;"Telur bebek diasin";195.0;13.6;13.6;1.4;120.0;157.0;2.0;841.0;0.28;0.0;83.0;100;"admin";1
248;"Telur penyu";144.0;12.0;10.2;0.0;84.0;193.0;1.0;600.0;0.11;0.0;90.0;100;"admin";1
249;"Telur terubuk";425.0;31.0;28.0;10.0;50.0;100.0;2.0;600.0;0.1;0.0;100.0;100;"admin";1
250;"Bader (tawes)";198.0;19.0;13.0;0.0;48.0;150.0;0.0;150.0;0.1;0.0;80.0;100;"admin";1
251;"Balong (ikan air tawar)";107.0;16.5;3.9;1.5;54.0;202.0;2.0;82.0;0.05;0.0;100.0;100;"admin";1
252;"Bambangan";112.0;20.0;1.3;3.7;98.0;120.0;3.0;0.0;0.07;0.0;36.0;100;"admin";1
253;"Bandeng";129.0;20.0;4.8;0.0;20.0;150.0;2.0;150.0;0.05;0.0;80.0;100;"admin";1
254;"Banjar";111.0;19.4;0.9;4.8;68.0;278.0;7.3;0.0;0.03;0.0;96.0;100;"admin";1
255;"Bawal";96.0;19.0;1.7;0.0;20.0;150.0;2.0;150.0;0.05;0.0;80.0;100;"admin";1
256;"Bekasang";138.0;14.0;0.7;7.4;40.0;80.0;2.0;100.0;0.05;0.0;100.0;100;"admin";1
257;"Belida";120.0;16.5;5.3;0.4;52.0;216.0;1.1;233.0;0.1;0.0;60.0;100;"admin";1
258;"Belut air laut";93.0;12.8;1.5;6.1;60.0;199.0;3.0;171.0;0.06;0.0;100.0;100;"admin";1
259;"Belut air tawar";82.0;6.7;1.0;10.9;390.0;533.0;1.3;0.0;0.0;0.0;100.0;100;"admin";1
260;"Beunteur";66.0;14.0;0.0;0.0;40.0;150.0;2.0;150.0;0.02;0.0;80.0;100;"admin";1
261;"Cue selar kuning";145.0;27.0;3.3;0.0;50.0;100.0;2.0;150.0;0.1;0.0;90.0;100;"admin";1
262;"Cumi-cumi";75.0;16.1;0.7;0.1;32.0;200.0;1.8;0.0;0.08;0.0;100.0;100;"admin";1
263;"Cumi-cumi segar";75.0;16.1;0.7;0.0;32.0;200.0;1.8;0.0;0.08;0.0;100.0;100;"admin";1
264;"Ekor kuning";109.0;17.0;4.0;0.0;500.0;500.0;1.0;150.0;0.05;0.0;80.0;100;"admin";1
265;"Gabus";77.0;12.4;1.0;3.7;90.0;192.0;2.5;0.0;0.02;0.0;62.0;100;"admin";1
266;"Gabus segar";74.0;25.2;1.7;0.0;62.0;176.0;1.0;150.0;0.04;0.0;64.0;100;"admin";1
267;"Hiu";57.0;10.7;0.3;2.2;75.0;206.0;2.0;0.0;0.05;0.0;65.0;100;"admin";1
268;"Ikan hiu";89.0;20.1;0.3;0.0;25.0;208.0;1.0;150.0;0.01;0.0;49.0;100;"admin";1
269;"Ikan Layang";109.0;22.0;1.7;0.0;50.0;150.0;2.0;150.0;0.05;0.0;80.0;100;"admin";1
270;"Ikan balong";107.0;16.5;3.9;1.5;254.0;202.0;2.0;82.0;0.05;0.0;47.0;100;"admin";1
271;"Ikan mas";86.0;16.0;2.0;0.0;20.0;150.0;2.0;150.0;0.05;0.0;80.0;100;"admin";1
272;"Ikan mujair segar";89.0;18.7;1.0;0.0;96.0;209.0;1.5;20.0;0.03;0.0;80.0;100;"admin";1
273;"Ikan segar";113.0;17.0;4.5;0.0;20.0;200.0;1.0;150.0;0.05;0.0;80.0;100;"admin";1
274;"Kacangan";77.0;15.6;0.9;1.6;94.0;170.0;1.7;60.0;0.07;0.0;64.0;100;"admin";1
275;"Kakap";92.0;20.0;0.7;0.0;20.0;200.0;1.0;30.0;0.05;0.0;80.0;100;"admin";1
276;"Kembung";103.0;22.0;1.0;0.0;20.0;200.0;1.0;30.0;0.05;0.0;80.0;100;"admin";1
277;"Keong";64.0;12.0;1.0;2.0;217.0;78.0;2.0;0.0;0.0;0.0;46.0;100;"admin";1
278;"Kepiting";151.0;13.8;3.8;14.1;210.0;250.0;1.0;200.0;0.05;0.0;45.0;100;"admin";1
279;"Kerang";59.0;8.0;1.1;3.6;133.0;170.0;3.0;300.0;0.01;0.0;20.0;100;"admin";1
280;"Kerang (DKBM P3G '90)";101.0;14.4;2.6;3.9;321.0;270.0;15.6;0.0;0.01;0.0;100.0;100;"admin";1
281;"Keru - keru";93.0;16.5;2.1;0.8;65.0;217.0;2.4;0.0;0.01;0.0;55.0;100;"admin";1
282;"Kodok";73.0;16.4;0.3;0.0;18.0;147.0;1.0;0.0;0.14;0.0;65.0;100;"admin";1
283;"Kura-kura";83.0;19.1;0.2;0.0;27.0;87.0;1.0;0.0;0.2;0.0;70.0;100;"admin";1
284;"Kuro";87.0;16.0;2.2;1.0;75.0;136.0;1.0;21.0;0.04;0.0;52.0;100;"admin";1
285;"Lais";161.0;11.9;11.5;2.4;70.0;237.0;0.0;0.0;0.05;0.0;62.0;100;"admin";1
286;"Layur";82.0;18.0;1.0;0.4;48.0;229.0;2.2;15.0;0.04;0.0;49.0;100;"admin";1
287;"Lemuru";112.0;20.0;3.0;0.0;20.0;100.0;1.0;100.0;0.05;0.0;80.0;100;"admin";1
288;"Lidah";104.0;15.6;3.2;2.0;30.0;143.0;2.0;110.0;0.03;0.0;48.0;100;"admin";1
289;"Mayong";97.0;17.9;2.0;0.4;40.0;100.0;2.5;68.0;0.1;0.0;89.0;100;"admin";1
290;"Mujahir";89.0;18.7;1.0;0.0;96.0;209.0;1.5;20.0;0.03;0.0;80.0;100;"admin";1
291;"Paling belut";303.0;14.0;27.0;0.0;20.0;200.0;1.0;1600.0;0.1;2.0;100.0;100;"admin";1
292;"Rusip";110.0;11.5;2.0;11.7;479.0;348.0;7.1;0.0;0.04;0.0;100.0;100;"admin";1
293;"Selar segar";100.0;18.8;2.2;0.0;40.0;179.0;1.0;150.0;0.37;0.0;48.0;100;"admin";1
294;"Seluang";361.0;10.0;3.2;5.3;80.0;224.0;4.7;86.0;0.03;0.0;89.0;100;"admin";1
295;"Sidat";81.0;11.4;1.9;3.8;118.0;174.0;3.0;51.0;0.0;0.0;100.0;100;"admin";1
296;"Tembang";204.0;16.0;15.0;0.0;20.0;200.0;2.0;100.0;0.05;0.0;80.0;100;"admin";1
297;"Teri";74.0;10.3;1.4;4.1;972.0;253.0;3.9;42.0;0.24;0.0;100.0;100;"admin";1
298;"Teri segar";77.0;16.0;1.0;0.0;500.0;500.0;1.0;150.0;0.05;0.0;100.0;100;"admin";1
299;"Udang segar";91.0;21.0;0.2;0.1;136.0;170.0;8.0;60.0;0.01;0.0;68.0;100;"admin";1
300;"Cakalang asin";198.0;36.5;2.2;5.5;236.0;346.0;3.7;0.0;0.06;0.0;70.0;100;"admin";1
301;"Calo . peda";81.0;11.4;1.9;3.8;743.0;174.0;22.6;51.0;0.0;0.0;100.0;100;"admin";1
302;"Dendeng ikan mujair";582.0;68.3;15.2;37.2;3258.0;1699.0;4.3;50.0;0.27;0.0;100.0;100;"admin";1
303;"Gabus kering";292.0;58.0;4.0;0.0;15.0;100.0;1.0;100.0;0.1;0.0;80.0;100;"admin";1
304;"Ikan asin kering";193.0;42.0;1.5;0.0;200.0;300.0;3.0;0.0;0.01;0.0;70.0;100;"admin";1
305;"Ikan tombo asin";162.0;31.7;2.8;0.3;279.0;609.0;4.6;0.0;0.09;0.0;70.0;100;"admin";1
306;"Kerang dendeng";357.0;41.1;10.0;25.6;217.0;904.0;5.2;0.0;0.27;0.0;100.0;100;"admin";1
307;"Kerupuk ikan dengan pati";342.0;16.0;0.4;65.6;2.0;20.0;0.0;0.0;0.0;0.0;100.0;100;"admin";1
308;"Kerupuk udang dengan pati";359.0;17.2;0.6;68.2;332.0;337.0;2.0;50.0;0.04;0.0;100.0;100;"admin";1
309;"Lais sale";415.0;61.3;17.6;2.9;258.0;919.0;7.0;0.0;0.03;0.0;100.0;100;"admin";1
310;"Mujahir dendeng";582.0;68.3;15.2;37.2;3258.0;1699.0;4.3;50.0;0.27;0.0;100.0;100;"admin";1
311;"Peda banjar";156.0;28.0;4.0;0.0;174.0;316.0;3.0;110.0;0.0;0.0;90.0;100;"admin";1
312;"Pepetek";176.0;32.0;4.4;0.0;120.0;200.0;1.0;50.0;0.5;0.0;100.0;100;"admin";1
313;"Petis ikan";161.0;20.0;0.2;24.0;37.0;36.0;3.0;0.0;0.0;0.0;100.0;100;"admin";1
314;"Petis udang";220.0;15.0;0.1;40.0;37.0;36.0;3.0;0.0;0.0;0.0;100.0;100;"admin";1
315;"Pindang banjar";157.0;28.0;4.2;0.0;50.0;100.0;1.0;150.0;0.1;0.0;90.0;100;"admin";1
316;"Pindang benggol";170.0;31.0;4.2;0.0;50.0;100.0;1.0;150.0;0.1;0.0;90.0;100;"admin";1
317;"Pindang layang";153.0;30.0;2.8;0.0;60.0;200.0;3.0;200.0;0.07;0.0;90.0;100;"admin";1
318;"Pindang selar kecil";142.0;27.0;3.0;0.0;60.0;200.0;3.0;200.0;0.07;0.0;90.0;100;"admin";1
319;"Rebon (udang kecil segar)";81.0;16.2;1.2;0.7;757.0;292.0;2.0;60.0;0.04;0.0;100.0;100;"admin";1
320;"Rebon kering";299.0;59.4;3.6;3.2;2306.0;265.0;21.0;0.0;0.06;0.0;100.0;100;"admin";1
321;"Sardencis dalam kaleng";338.0;21.1;27.0;1.0;354.0;434.0;4.0;250.0;0.1;0.0;100.0;100;"admin";1
322;"Selar kering";194.0;38.0;3.5;0.0;20.0;200.0;1.0;0.0;0.01;0.0;75.0;100;"admin";1
323;"Sepat kering";289.0;38.0;14.0;0.0;40.0;100.0;1.0;0.0;0.0;0.0;75.0;100;"admin";1
324;"Sunu asin";168.0;32.4;1.2;4.5;320.0;343.0;6.0;0.0;0.01;0.0;70.0;100;"admin";1
325;"Telur ikan";398.0;16.7;34.8;4.5;235.0;544.0;25.2;0.0;0.3;0.0;100.0;100;"admin";1
326;"Tepung ikan";316.0;60.1;6.5;22.4;3196.0;1976.0;16.6;1083.0;0.0;0.0;100.0;100;"admin";1
327;"Terasi";155.0;22.3;2.9;9.9;3812.0;726.0;0.0;0.0;0.24;0.0;100.0;100;"admin";1
328;"Terasi merah";174.0;30.0;3.5;3.5;100.0;250.0;3.0;0.0;0.0;0.0;100.0;100;"admin";1
329;"Teri bubuk";277.0;60.0;2.3;1.8;1209.0;1225.0;3.0;297.0;0.1;0.0;100.0;100;"admin";1
330;"Teri kering";170.0;33.4;3.0;0.0;1200.0;1500.0;4.0;210.0;0.15;0.0;100.0;100;"admin";1
331;"Teri kering sekali tawar";331.0;68.7;4.2;0.0;2381.0;1500.0;23.0;200.0;0.1;0.0;100.0;100;"admin";1
332;"Teri nasi kering";144.0;32.5;0.6;0.0;1000.0;1000.0;3.0;200.0;0.1;0.0;100.0;100;"admin";1
333;"Teri tepung";347.0;48.8;6.4;19.6;4608.0;1200.0;18.6;200.0;1.12;0.0;100.0;100;"admin";1
334;"Udang kering";259.0;62.4;2.3;1.8;1209.0;1225.0;6.0;210.0;0.14;0.0;90.0;100;"admin";1
335;"Andaliman";99.0;4.6;1.0;18.0;383.0;107.0;2.9;0.0;3.0;14.7;100.0;100;"admin";0
336;"Andewi";25.0;1.6;0.2;5.3;33.0;66.0;1.0;0.0;0.14;10.0;80.0;100;"admin";0
337;"Baligo";13.0;0.4;0.2;3.0;19.0;19.0;0.0;0.0;0.04;13.0;69.0;100;"admin";1
338;"Bayam";36.0;3.5;0.5;6.5;267.0;67.0;4.0;6090.0;0.08;80.0;71.0;100;"admin";1
339;"Bayam (DKBM P3G '90)";16.0;0.9;0.4;2.9;166.0;76.0;3.5;0.0;0.04;41.0;71.0;100;"admin";1
340;"Bayam merah";51.0;4.6;0.5;10.0;368.0;111.0;2.0;5800.0;0.08;80.0;71.0;100;"admin";1
341;"Bunga pepaya jantan";45.0;2.6;0.3;8.1;290.0;113.0;4.2;0.0;0.01;23.3;100.0;100;"admin";1
342;"Caisin";20.0;1.7;0.4;3.4;123.0;40.0;1.9;0.0;0.04;3.0;100.0;100;"admin";1
343;"Caisin (DKBM P3G '90)";20.0;1.7;0.4;3.4;123.0;40.0;1.9;0.0;0.04;3.0;79.0;100;"admin";1
344;"Daun bawang";29.0;1.8;0.7;5.2;55.0;39.0;7.0;1365.0;0.09;37.0;67.0;100;"admin";1
345;"Daun beluntas";42.0;1.8;0.5;9.4;256.0;49.0;6.0;3980.0;0.02;30.0;65.0;100;"admin";1
346;"Daun gandaria";60.0;3.1;0.3;14.0;40.0;45.0;5.0;600.0;0.0;61.0;65.0;100;"admin";1
347;"Daun jambu mete muda";73.0;4.6;0.5;16.2;33.0;64.0;9.0;2689.0;0.0;65.0;65.0;100;"admin";1
348;"Daun kacang panjang";34.0;4.1;0.4;5.8;134.0;145.0;6.0;5240.0;0.28;29.0;65.0;100;"admin";1
349;"Daun katuk";59.0;4.8;1.0;11.0;204.0;83.0;3.0;10370.0;0.1;99.99;40.0;100;"admin";1
350;"Daun kecipir";47.0;5.0;0.5;8.5;134.0;81.0;6.0;5240.0;0.28;29.0;70.0;100;"admin";1
351;"Daun kedondong";59.0;3.5;0.3;13.4;540.0;82.0;6.0;2900.0;0.06;29.0;65.0;100;"admin";1
352;"Daun kelor";82.0;6.7;1.7;14.3;440.0;70.0;7.0;11300.0;0.21;99.99;65.0;100;"admin";1
353;"Daun kemangi";43.0;5.5;0.3;7.5;35.0;106.0;1.0;1017.0;0.06;30.0;65.0;100;"admin";1
354;"Daun ketela rambat (ubi jalar)";47.0;2.8;0.4;10.4;79.0;66.0;10.0;6015.0;0.12;22.0;73.0;100;"admin";1
355;"Daun koro";23.0;3.0;0.3;3.7;134.0;81.0;6.0;5240.0;0.28;29.0;65.0;100;"admin";1
356;"Daun labu siam";60.0;4.0;0.4;4.7;58.0;70.0;3.0;2025.0;0.08;16.0;100.0;100;"admin";1
357;"Daun labu waluh";30.0;3.6;0.6;4.5;138.0;99.0;4.0;2750.0;0.14;36.0;70.0;100;"admin";1
358;"Daun leunca";45.0;4.7;0.5;8.1;210.0;80.0;6.0;1900.0;0.14;40.0;70.0;100;"admin";1
359;"Daun lobak";30.0;2.3;0.4;5.8;140.0;33.0;4.0;1000.0;0.07;99.99;70.0;100;"admin";1
360;"Daun lompong tales";40.0;3.0;0.8;7.4;76.0;59.0;1.0;2000.0;0.08;31.0;75.0;100;"admin";1
361;"Daun mangkokan";54.0;3.7;0.3;11.8;474.0;49.0;4.0;5450.0;0.06;83.0;80.0;100;"admin";1
362;"Daun melinjo";99.0;5.0;1.3;21.3;219.0;82.0;4.0;10000.0;0.09;99.99;88.0;100;"admin";1
363;"Daun oyong";22.0;1.0;0.1;5.3;21.0;44.0;2.0;1000.0;0.08;99.99;65.0;100;"admin";1
364;"Daun pakis";35.0;4.0;0.3;6.4;42.0;172.0;1.0;2881.0;0.0;30.0;70.0;100;"admin";1
365;"Daun pepaya";79.0;8.0;2.0;11.9;353.0;63.0;1.0;18250.0;0.15;99.99;71.0;100;"admin";1
366;"Daun pete cina";128.0;12.0;6.5;12.4;1500.0;100.0;3.0;17800.0;0.04;64.0;40.0;100;"admin";1
367;"Daun singkong";73.0;6.8;1.2;13.0;165.0;54.0;2.0;11000.0;0.12;99.99;87.0;100;"admin";1
368;"Daun singkong jenis ambon";131.0;12.7;1.2;25.2;165.0;54.0;4.0;13000.0;0.21;99.99;87.0;100;"admin";1
369;"Daun tales";71.0;4.1;2.1;12.3;302.0;47.0;8.0;10395.0;0.11;99.99;80.0;100;"admin";1
370;"Daun tespong";59.0;2.9;0.3;13.9;155.0;65.0;3.0;2500.0;0.05;21.0;60.0;100;"admin";1
371;"Eceng";18.0;1.0;0.2;3.8;80.0;45.0;4.0;1000.0;0.08;50.0;70.0;100;"admin";1
372;"Genjer";33.0;1.7;0.2;7.7;62.0;33.0;2.0;3800.0;0.07;54.0;70.0;100;"admin";1
373;"Kangkung";29.0;3.0;0.3;5.4;73.0;50.0;3.0;6300.0;0.07;32.0;70.0;100;"admin";1
374;"Kemangi";46.0;4.0;0.5;8.9;45.0;75.0;2.0;5000.0;0.08;50.0;80.0;100;"admin";1
375;"Krokot";21.0;1.7;0.4;3.8;103.0;39.0;4.0;2550.0;0.03;25.0;80.0;100;"admin";1
376;"Kucai";45.0;2.2;0.3;10.3;52.0;50.0;1.0;40.0;0.11;17.0;52.0;100;"admin";1
377;"Kucai muda (lokio)";42.0;3.8;0.6;7.8;76.0;91.0;3.0;500.0;0.11;39.0;100.0;100;"admin";1
378;"Pe-cai";23.0;1.8;0.3;4.5;179.0;39.0;7.0;3995.0;0.08;75.0;82.0;100;"admin";1
379;"Peterseli";50.0;3.7;1.0;9.0;193.0;84.0;4.0;8230.0;0.11;99.99;95.0;100;"admin";1
380;"Prei (daun bawang)";45.0;2.2;0.3;10.3;52.0;50.0;1.0;40.0;0.11;17.0;52.0;100;"admin";1
381;"Seledri";20.0;1.0;0.1;4.6;50.0;40.0;1.0;130.0;0.03;11.0;63.0;100;"admin";1
382;"Bawang bombay";45.0;1.4;0.2;10.3;32.0;44.0;1.0;50.0;0.03;9.0;94.0;100;"admin";1
383;"Bawang merah";39.0;1.5;0.3;0.2;36.0;40.0;1.0;0.0;0.03;2.0;90.0;100;"admin";1
384;"Bawang putih";95.0;4.5;0.2;23.1;42.0;134.0;1.0;0.0;0.22;15.0;88.0;100;"admin";1
385;"Bit";42.0;1.6;0.1;9.6;27.0;43.0;1.0;20.0;0.02;10.0;75.0;100;"admin";1
386;"Boros kunci";23.0;1.0;0.8;7.2;50.0;50.0;2.0;5000.0;0.08;50.0;80.0;100;"admin";1
387;"Boros laja";22.0;1.0;0.3;4.7;50.0;50.0;2.0;5000.0;0.08;50.0;80.0;100;"admin";1
388;"Buncis";35.0;2.4;0.2;7.7;65.0;44.0;1.0;630.0;0.08;19.0;90.0;100;"admin";1
389;"Buncis (DKBM P3G '90)";34.0;2.4;0.3;7.2;101.0;42.0;0.7;0.0;0.05;11.0;90.0;100;"admin";1
390;"Cabe gembor merah";38.0;1.6;0.8;6.3;49.0;41.0;1.1;0.0;0.21;16.1;89.0;100;"admin";1
391;"Cabe hijau besar";23.0;0.7;0.3;5.2;14.0;23.0;0.0;260.0;0.05;84.0;82.0;100;"admin";1
392;"Cabe merah besar ( kering )";311.0;15.9;6.2;61.8;160.0;370.0;2.0;576.0;0.4;50.0;85.0;100;"admin";1
393;"Cabe merah besar ( segar  )";31.0;1.0;0.3;7.3;29.0;24.0;1.0;470.0;0.05;18.0;85.0;100;"admin";1
394;"Cabe rawit ( segar )";103.0;4.7;2.4;19.9;45.0;85.0;3.0;11050.0;0.24;70.0;85.0;100;"admin";1
395;"Gambas oyong";18.0;0.8;0.2;4.1;19.0;33.0;1.0;380.0;0.03;8.0;85.0;100;"admin";1
396;"Jagung muda termasuk tongkol";33.0;2.2;0.1;7.4;7.0;100.0;1.0;200.0;0.08;8.0;100.0;100;"admin";1
397;"Jamur kuping kering";128.0;16.0;0.9;64.6;51.0;223.0;7.0;0.0;0.11;0.0;100.0;100;"admin";1
398;"Jamur kuping segar";15.0;3.8;0.6;0.9;3.0;94.0;2.0;0.0;0.1;5.0;100.0;100;"admin";1
399;"Jantung pisang segar";31.0;1.2;0.3;7.1;30.0;50.0;0.0;170.0;0.05;10.0;25.0;100;"admin";1
400;"Jotang";32.0;1.9;0.3;7.1;162.0;41.0;4.0;3918.0;0.03;20.0;70.0;100;"admin";1
401;"Kacang buncis ( buah )";35.0;2.4;0.2;7.7;65.0;44.0;1.0;630.0;0.08;19.0;90.0;100;"admin";1
402;"Kacang gude ( buah muda )";123.0;8.4;0.6;21.8;66.0;174.0;2.0;195.0;0.41;31.0;69.0;100;"admin";1
403;"Kacang kapri ( biji segar )";98.0;6.7;0.4;17.7;22.0;122.0;2.0;680.0;0.34;26.0;45.0;100;"admin";1
404;"Kacang panjang";44.0;2.7;0.3;7.8;49.0;347.0;1.0;335.0;0.13;21.0;75.0;100;"admin";1
405;"Kapri muda";42.0;3.3;0.2;9.0;51.0;85.0;1.0;440.0;0.2;49.0;80.0;100;"admin";1
406;"Kecipir ( buah muda )";35.0;2.9;0.2;5.8;63.0;37.0;0.0;595.0;0.24;19.0;96.0;100;"admin";1
407;"Keluwih kelawi";111.0;1.5;0.3;27.2;28.0;32.0;1.0;20.0;0.1;19.0;77.0;100;"admin";1
408;"Kembang turi";44.0;1.8;0.6;9.6;23.0;29.0;1.0;105.0;0.13;41.0;83.0;100;"admin";1
409;"Ketimun";12.0;0.7;0.1;2.7;10.0;21.0;0.0;0.0;0.03;8.0;70.0;100;"admin";1
410;"Kool kembang";25.0;2.4;0.2;4.9;22.0;72.0;1.0;90.0;0.11;96.0;57.0;100;"admin";1
411;"Kool merah kool putih";24.0;1.4;0.2;5.3;46.0;31.0;1.0;80.0;0.06;50.0;75.0;100;"admin";1
412;"Koro kerupuk";125.0;8.3;0.7;22.1;17.0;12.0;3.0;80.0;0.11;31.0;68.0;100;"admin";1
413;"Koro wedus";38.0;3.0;0.3;7.9;56.0;47.0;1.0;870.0;0.09;17.0;70.0;100;"admin";1
414;"Kulit melinjo";111.0;4.5;1.1;20.7;117.0;179.0;2.6;0.0;0.07;7.0;100.0;100;"admin";1
415;"Labu air";17.0;0.6;0.2;3.8;12.0;18.0;1.0;70.0;0.04;10.0;80.0;100;"admin";1
416;"Labu siam";26.0;0.6;0.1;6.7;14.0;25.0;1.0;20.0;0.02;18.0;83.0;100;"admin";1
417;"Labu waluh";29.0;1.1;0.3;6.6;45.0;64.0;1.0;180.0;0.08;52.0;77.0;100;"admin";1
418;"Leunca buah (daun leunca)";33.0;1.9;0.1;7.4;274.0;34.0;4.0;478.0;0.1;17.0;95.0;100;"admin";1
419;"Lobak";19.0;0.9;0.1;4.2;35.0;26.0;1.0;10.0;0.03;32.0;87.0;100;"admin";1
420;"Melinjo";66.0;5.0;0.7;13.3;163.0;75.0;3.0;1000.0;0.1;99.99;60.0;100;"admin";1
421;"Nangka muda";51.0;2.0;0.4;11.3;45.0;29.0;1.0;25.0;0.07;9.0;80.0;100;"admin";1
422;"Pare (paria)";29.0;1.1;0.3;6.6;45.0;64.0;1.0;180.0;0.08;52.0;77.0;100;"admin";1
423;"Pepaya muda";26.0;2.1;0.1;4.9;50.0;16.0;0.0;50.0;0.02;19.0;76.0;100;"admin";1
424;"Rebung";27.0;2.6;0.3;5.2;13.0;59.0;1.0;20.0;0.15;4.0;65.0;100;"admin";1
425;"Sawi";22.0;2.3;0.3;4.0;220.0;38.0;3.0;6460.0;0.09;99.99;87.0;100;"admin";1
426;"Selada";15.0;1.2;0.2;2.9;22.0;25.0;1.0;540.0;0.04;8.0;69.0;100;"admin";1
427;"Selada air";17.0;1.7;0.3;3.0;182.0;27.0;3.0;2420.0;0.08;50.0;69.0;100;"admin";1
428;"Taoge kacang ijo";23.0;2.9;0.2;4.1;29.0;69.0;1.0;10.0;0.07;15.0;100.0;100;"admin";1
429;"Taoge kacang kedele";67.0;9.0;2.6;6.4;50.0;65.0;1.0;110.0;0.23;15.0;100.0;100;"admin";1
430;"Taoge kacang tunggak";35.0;5.0;0.2;5.8;57.0;88.0;1.0;0.0;0.07;15.0;90.0;100;"admin";1
431;"Tebu terubuk";25.0;4.6;0.4;3.0;40.0;80.0;2.0;0.0;0.08;50.0;20.0;100;"admin";1
432;"Tekokak";34.0;2.0;0.1;7.9;50.0;30.0;2.0;750.0;0.08;80.0;95.0;100;"admin";1
433;"Tekokak kering";294.0;8.3;1.7;72.6;370.0;180.0;22.0;750.0;0.4;0.0;100.0;100;"admin";1
434;"Terong";24.0;1.1;0.2;5.5;15.0;37.0;0.0;30.0;0.04;5.0;87.0;100;"admin";1
435;"Terong belanda";48.0;1.5;0.3;11.3;13.0;24.0;1.0;0.0;0.04;17.0;73.0;100;"admin";1
436;"Tomat ( sari air tomat )";15.0;1.0;0.2;3.5;7.0;15.0;0.0;600.0;0.05;10.0;100.0;100;"admin";1
437;"Tomat masak";20.0;1.0;0.3;4.2;5.0;27.0;0.0;1500.0;0.06;40.0;95.0;100;"admin";1
438;"Tomat muda";23.0;2.0;0.7;2.3;5.0;27.0;0.0;320.0;0.07;30.0;95.0;100;"admin";1
439;"Wortel";42.0;1.2;0.3;9.3;39.0;37.0;0.0;12000.0;0.06;6.0;88.0;100;"admin";1
440;"Alpokat";85.0;0.9;6.5;7.7;10.0;20.0;1.0;180.0;0.05;13.0;61.0;100;"admin";0
441;"Anggur";50.0;0.5;0.2;12.8;9.0;20.0;0.6;0.0;0.1;4.0;100.0;100;"admin";0
442;"Apel";58.0;0.3;0.4;14.9;6.0;10.0;0.0;90.0;0.04;5.0;88.0;100;"admin";1
443;"Arbei";37.0;0.8;0.5;8.3;28.0;27.0;1.0;60.0;0.03;60.0;96.0;100;"admin";1
444;"Asam masak dipohon";239.0;2.8;0.6;62.5;74.0;113.0;1.0;30.0;0.34;2.0;48.0;100;"admin";1
445;"Belimbing";36.0;0.4;0.4;8.8;4.0;12.0;1.0;170.0;0.03;35.0;86.0;100;"admin";1
446;"Bengkuang";55.0;1.4;0.2;12.8;15.0;18.0;1.0;0.0;0.04;20.0;84.0;100;"admin";1
447;"Buah atung";23.0;0.8;0.2;5.2;30.0;50.0;5.0;0.0;0.29;38.0;80.0;100;"admin";1
448;"Buah mentega ( bisbul )";39.0;0.7;0.2;9.7;43.0;17.0;1.0;55.0;0.0;33.0;50.0;100;"admin";1
449;"Buah nona";101.0;1.7;0.6;25.2;27.0;20.0;1.0;0.0;0.08;22.0;58.0;100;"admin";1
450;"Cempedak";116.0;3.0;0.4;28.6;20.0;30.0;2.0;200.0;0.0;15.0;30.0;100;"admin";1
451;"Duku";63.0;1.0;0.2;16.1;18.0;9.0;1.0;0.0;0.05;9.0;64.0;100;"admin";1
452;"Durian";134.0;2.5;3.0;28.0;7.0;44.0;1.0;175.0;0.1;53.0;22.0;100;"admin";1
453;"Embacang";98.0;1.4;0.2;25.4;21.0;15.0;0.0;1218.0;0.03;56.0;65.0;100;"admin";1
454;"Erbis";70.0;0.6;0.0;18.9;11.0;50.0;1.0;10.0;0.0;16.0;33.0;100;"admin";1
455;"Gandaria";68.0;0.7;0.1;18.0;9.0;20.0;1.0;1020.0;0.03;99.99;70.0;100;"admin";1
456;"Jambu air";46.0;0.6;0.2;11.8;8.0;9.0;1.0;0.0;0.0;5.0;90.0;100;"admin";1
457;"Jambu biji";49.0;0.9;0.3;12.2;14.0;28.0;1.0;25.0;0.02;87.0;82.0;100;"admin";1
458;"Jambu bol";56.0;0.6;0.3;14.2;29.0;16.0;1.0;130.0;0.02;22.0;67.0;100;"admin";1
459;"Jambu monyet ( buah )";64.0;0.7;0.6;15.8;4.0;13.0;1.0;25.0;0.02;99.99;90.0;100;"admin";1
460;"Jeruk bali";48.0;0.6;0.2;12.4;23.0;27.0;1.0;20.0;0.04;43.0;62.0;100;"admin";1
461;"Jeruk garut (jeruk keprok)";44.0;0.8;0.3;10.9;33.0;23.0;0.0;420.0;0.07;31.0;71.0;100;"admin";1
462;"Jeruk manis";45.0;0.9;0.2;11.2;33.0;23.0;0.0;190.0;0.08;49.0;72.0;100;"admin";1
463;"Jeruk manis (air sari jeruk)";44.0;0.8;0.2;11.0;19.0;16.0;0.0;190.0;0.08;49.0;100.0;100;"admin";1
464;"Jeruk nipis";37.0;0.8;0.1;12.3;40.0;22.0;1.0;0.0;0.04;27.0;76.0;100;"admin";1
465;"Kedondong masak";41.0;1.0;0.1;10.3;15.0;22.0;3.0;233.0;0.08;30.0;58.0;100;"admin";1
466;"Kemang";48.0;1.0;0.2;11.9;10.0;24.0;0.0;6.0;0.08;58.0;65.0;100;"admin";1
467;"Kesemek";78.0;0.8;0.4;20.0;6.0;26.0;0.0;2710.0;0.05;11.0;97.0;100;"admin";1
468;"Kokosan";86.0;1.6;0.2;13.0;22.0;38.0;1.0;20.0;0.04;3.0;64.0;100;"admin";1
469;"Langsat";56.0;0.9;0.2;14.3;17.0;24.0;1.0;0.0;0.07;3.0;64.0;100;"admin";1
470;"Mangga gedong";44.0;0.7;0.2;11.2;13.0;10.0;0.0;16400.0;0.08;9.0;65.0;100;"admin";1
471;"Mangga golek";63.0;0.5;0.2;16.7;14.0;10.0;1.0;3715.0;0.08;30.0;65.0;100;"admin";1
472;"Mangga harumanis";46.0;0.4;0.2;11.9;15.0;9.0;0.0;1200.0;0.08;6.0;65.0;100;"admin";1
473;"Mangga indramayu";72.0;0.8;0.2;18.7;13.0;10.0;2.0;2900.0;0.06;16.0;65.0;100;"admin";1
474;"Mangga kopek";56.0;0.4;0.2;14.6;16.0;10.0;2.0;6520.0;0.03;27.0;65.0;100;"admin";1
475;"Mangga muda";59.0;0.5;0.4;15.1;12.0;11.0;0.0;85.0;0.06;65.0;73.0;100;"admin";1
476;"Manggis";63.0;0.6;0.6;15.6;8.0;12.0;1.0;0.0;0.03;2.0;29.0;100;"admin";1
477;"Menteng";65.0;1.7;0.2;16.1;13.0;20.0;1.0;0.0;0.0;3.0;64.0;100;"admin";1
478;"Nanas";52.0;0.4;0.2;13.7;16.0;11.0;0.0;130.0;0.08;24.0;53.0;100;"admin";1
479;"Nangka masak dipohon";106.0;1.2;0.3;27.6;20.0;19.0;1.0;330.0;0.07;7.0;28.0;100;"admin";1
480;"Pala ( dagingnya )";42.0;0.3;0.2;10.9;32.0;24.0;2.0;29.0;0.0;22.0;30.0;100;"admin";1
481;"Pepaya";46.0;0.5;0.0;12.2;23.0;12.0;2.0;365.0;0.04;78.0;75.0;100;"admin";1
482;"Pisang ambon";99.0;1.2;0.2;25.8;8.0;28.0;1.0;146.0;0.08;3.0;75.0;100;"admin";1
483;"Pisang angleng (pis. ampyang)";68.0;1.3;0.2;17.2;10.0;26.0;1.0;76.0;0.08;6.0;75.0;100;"admin";1
484;"Pisang lampung";99.0;1.3;0.2;25.6;10.0;19.0;1.0;618.0;0.0;4.0;75.0;100;"admin";1
485;"Pisang mas";127.0;1.4;0.2;33.6;7.0;25.0;1.0;79.0;0.09;2.0;85.0;100;"admin";1
486;"Pisang raja";120.0;1.2;0.2;31.8;10.0;22.0;1.0;950.0;0.06;10.0;70.0;100;"admin";1
487;"Pisang raja sereh (pis. susu)";118.0;1.2;0.2;31.1;7.0;29.0;0.0;112.0;0.0;4.0;85.0;100;"admin";1
488;"Pisang raja uli";146.0;2.0;0.2;38.2;10.0;28.0;1.0;75.0;0.05;3.0;75.0;100;"admin";1
489;"Rambutan";69.0;0.9;0.1;18.1;16.0;16.0;1.0;0.0;0.0;58.0;40.0;100;"admin";1
490;"Salak";77.0;0.4;0.0;20.9;28.0;18.0;4.0;0.0;0.04;2.0;50.0;100;"admin";1
491;"Salak bali";57.0;0.5;0.1;13.6;94.0;25.0;2.1;0.0;0.0;0.4;93.0;100;"admin";1
492;"Salak pondoh";368.0;0.8;0.4;90.3;38.0;31.0;3.9;0.0;0.0;8.4;59.0;100;"admin";1
493;"Sawo";92.0;0.5;1.1;22.4;25.0;12.0;1.0;60.0;0.01;21.0;79.0;100;"admin";1
494;"Sawo duren";64.0;1.0;3.1;8.0;18.0;45.0;0.8;0.0;0.01;1.0;64.0;100;"admin";1
495;"Sawo kecik";111.0;0.9;2.3;21.6;20.0;185.0;0.7;0.0;0.0;19.0;83.0;100;"admin";1
496;"Semangka";28.0;0.5;0.2;6.9;7.0;12.0;0.0;590.0;0.05;6.0;46.0;100;"admin";1
497;"Sirsak";65.0;1.0;0.3;16.3;14.0;27.0;1.0;10.0;0.07;20.0;68.0;100;"admin";1
498;"Srikaya";101.0;1.7;0.6;25.2;27.0;20.0;1.0;0.0;0.08;22.0;58.0;100;"admin";1
499;"Srikaya (DKBM P3G '90)";63.0;1.1;0.5;13.9;127.0;30.0;2.7;0.0;0.08;28.3;48.0;100;"admin";1
500;"Sukun muda";119.0;1.4;0.2;28.1;24.0;44.0;1.4;0.0;0.17;52.0;100.0;100;"admin";1
501;"Sukun muda (DKBM P3G '90)";119.0;1.4;0.2;28.1;24.0;44.0;1.4;0.0;0.17;51.8;84.0;100;"admin";1
502;"Sukun tua";126.0;1.6;0.2;24.5;37.0;47.0;1.6;0.0;0.18;58.0;100.0;100;"admin";1
503;"Sukun tua (DKBM P3G '90)";129.0;1.6;0.2;24.5;27.0;47.0;1.6;0.0;0.18;54.4;88.0;100;"admin";1
504;"Tempoyak";142.0;2.7;4.6;22.7;190.0;45.0;2.9;0.0;0.16;1.0;100.0;100;"admin";1
505;"Wuni";74.0;0.8;0.3;17.1;66.0;28.0;1.2;0.0;0.08;80.0;77.0;100;"admin";1
506;"Es krim";207.0;4.0;12.5;20.6;123.0;99.0;0.0;520.0;0.04;1.0;100.0;100;"admin";1
507;"Keju";326.0;22.8;20.3;13.1;777.0;338.0;2.0;750.0;0.01;1.0;100.0;100;"admin";1
508;"Kepala susu (krim)";204.0;2.6;20.0;4.0;97.0;77.0;0.0;830.0;0.03;1.0;100.0;100;"admin";1
509;"Mentega";725.0;0.5;81.6;1.4;15.0;16.0;1.0;3300.0;0.0;0.0;100.0;100;"admin";1
510;"Susu kambing";64.0;4.3;2.3;6.6;98.0;78.0;3.0;125.0;0.06;1.0;100.0;100;"admin";1
511;"Susu kental manis";336.0;8.2;10.0;55.0;275.0;209.0;0.0;510.0;0.05;1.0;100.0;100;"admin";1
512;"Susu kental tak manis";138.0;7.0;7.9;9.9;243.0;195.0;0.0;400.0;0.05;1.0;100.0;100;"admin";1
513;"Susu kerbau";160.0;6.3;12.0;7.1;216.0;101.0;0.0;80.0;0.04;1.0;100.0;100;"admin";1
514;"Susu sapi";61.0;3.2;3.5;4.3;143.0;60.0;2.0;130.0;0.03;1.0;100.0;100;"admin";1
515;"Susu skim (susu tak berlemak)";36.0;3.5;0.1;5.1;123.0;97.0;0.0;0.0;0.04;1.0;100.0;100;"admin";1
516;"Tepung susu";509.0;24.6;30.0;36.2;904.0;694.0;1.0;1570.0;0.29;6.0;100.0;100;"admin";1
517;"Tepung susu asam untuk bayi";418.0;19.0;9.0;65.5;800.0;600.0;7.0;1000.0;1.0;30.0;100.0;100;"admin";1
518;"Tepung susu skim";362.0;35.6;1.0;52.0;1300.0;1030.0;1.0;0.0;0.35;7.0;100.0;100;"admin";1
519;"Yoghurt";52.0;3.3;2.5;4.0;120.0;90.0;0.0;73.0;0.04;0.0;100.0;100;"admin";1
520;"Lemak babi";902.0;0.0;0.0;0.0;0.0;0.0;0.0;0.0;0.0;0.0;100.0;100;"admin";1
521;"Lemak kerbau (lemak sapi)";818.0;1.5;90.0;0.0;0.0;0.0;0.0;0.0;0.0;0.0;100.0;100;"admin";1
522;"Margarin";720.0;0.6;81.0;0.4;20.0;16.0;0.0;2000.0;0.0;0.0;100.0;100;"admin";1
523;"Minyak hati hiu (eulamia)";902.0;0.0;0.0;0.0;0.0;0.0;0.0;70000.0;0.0;0.0;100.0;100;"admin";1
524;"Minyak ikan";902.0;0.0;0.0;0.0;0.0;0.0;0.0;80000.0;0.0;0.0;100.0;100;"admin";1
525;"Minyak kacang tanah";902.0;0.0;0.0;0.0;0.0;0.0;0.0;0.0;0.0;0.0;100.0;100;"admin";1
526;"Minyak kelapa";870.0;1.0;98.0;0.0;3.0;0.0;0.0;0.0;0.0;0.0;100.0;100;"admin";1
527;"Minyak kelapa sawit";902.0;0.0;0.0;0.0;0.0;0.0;0.0;60000.0;0.0;0.0;100.0;100;"admin";1
528;"Minyak wijen";902.0;0.0;0.0;0.0;0.0;0.0;0.0;0.0;0.0;0.0;100.0;100;"admin";1
529;"Bier (4% alkohol)";48.0;0.6;0.0;4.4;4.0;26.0;0.0;0.0;0.0;0.0;100.0;100;"admin";1
530;"Coklat manis ( batang )";472.0;2.0;29.8;62.7;63.0;287.0;3.0;30.0;0.03;0.0;100.0;100;"admin";1
531;"Coklat pahit ( batang )";504.0;5.5;52.9;29.2;98.0;446.0;4.0;60.0;0.05;0.0;100.0;100;"admin";1
532;"Coklat susu  ( batang )";381.0;9.0;35.0;53.6;200.0;200.0;2.0;30.0;0.08;0.0;100.0;100;"admin";1
533;"Dodol";395.0;3.0;5.7;81.2;12.0;80.0;2.0;0.0;0.0;0.0;100.0;100;"admin";1
534;"Gelatin";389.0;91.0;0.0;0.0;0.0;20.0;1.0;0.0;0.0;0.0;100.0;100;"admin";1
535;"Gula aren";368.0;0.0;0.0;95.0;75.0;35.0;3.0;0.0;0.0;0.0;100.0;100;"admin";1
536;"Gula kelapa";386.0;3.0;10.0;76.0;76.0;37.0;3.0;0.0;0.0;0.0;100.0;100;"admin";1
537;"Gula merah tebu belum murni";356.0;0.4;0.5;90.6;51.0;44.0;4.0;0.0;0.02;0.0;100.0;100;"admin";1
538;"Gula pasir";364.0;0.0;0.0;94.0;5.0;1.0;0.0;0.0;0.0;0.0;100.0;100;"admin";1
539;"Jam sele";239.0;0.5;0.6;64.5;20.0;20.0;1.0;0.0;0.01;0.0;100.0;100;"admin";1
540;"Kopi bagian yang dapat larut";352.0;17.4;1.3;69.0;296.0;368.0;4.0;0.0;0.0;0.0;100.0;100;"admin";1
541;"Lemon squash";36.0;0.0;0.0;10.0;0.0;0.0;0.0;0.0;0.0;20.0;100.0;100;"admin";1
542;"Limun";30.0;0.0;0.0;8.0;0.0;0.0;0.0;0.0;0.0;0.0;100.0;100;"admin";1
543;"Madu";294.0;0.3;0.0;79.5;5.0;16.0;1.0;0.0;0.0;4.0;100.0;100;"admin";1
544;"Melasse";276.0;0.0;0.1;71.0;470.0;93.0;30.0;0.0;0.04;0.0;100.0;100;"admin";1
545;"Serbuk coklat";298.0;8.0;23.8;48.9;125.0;715.0;12.0;30.0;0.12;0.0;100.0;100;"admin";1
546;"Setrup sirup";213.0;0.0;0.0;55.0;0.0;0.0;0.0;0.0;0.0;0.0;100.0;100;"admin";1
547;"Teh";132.0;19.5;0.7;67.8;717.0;265.0;12.0;2095.0;0.01;0.0;100.0;100;"admin";1
548;"Aci aren";355.0;0.6;1.1;85.6;91.0;167.0;2.2;0.0;0.04;0.0;100.0;100;"admin";0
549;"Agar laut (DKBM P3G '90)";21.0;0.1;0.1;4.8;133.0;6.0;5.4;0.0;0.03;0.0;100.0;100;"admin";0
550;"Agar-agar";0.0;0.0;0.2;0.0;400.0;125.0;5.0;0.0;0.0;0.0;100.0;100;"admin";0
551;"Alur";24.0;1.8;0.3;4.8;164.0;95.0;2.5;0.0;0.03;2.0;90.0;100;"admin";0
552;"Bonggol pisang";43.0;0.6;0.0;11.6;15.0;60.0;1.0;0.0;0.01;12.0;100.0;100;"admin";1
553;"Bonggol pisang kering";245.0;3.4;0.0;66.2;60.0;150.0;2.0;0.0;0.04;4.0;100.0;100;"admin";1
554;"Bulung";333.0;8.2;0.1;64.7;939.0;202.0;49.2;0.0;0.04;0.0;100.0;100;"admin";1
555;"Bulung jajar (agar jajal)";212.0;16.9;0.2;47.6;3033.0;40.0;20.0;0.0;0.0;8.0;100.0;100;"admin";1
556;"Bulung sangu";237.0;14.7;0.2;56.0;3774.0;56.0;20.0;0.0;0.0;5.0;100.0;100;"admin";1
557;"Cengkeh kering";292.0;5.2;8.9;57.4;740.0;100.0;5.0;0.0;0.0;0.0;100.0;100;"admin";1
558;"Cuka";12.0;0.1;0.1;5.0;7.0;10.0;0.0;0.0;0.0;0.0;100.0;100;"admin";1
559;"Daun cincau";122.0;6.0;1.0;26.0;100.0;100.0;3.0;10750.0;80.0;17.0;40.0;100;"admin";1
560;"Donge-donge";16.0;0.5;0.2;3.6;164.0;211.0;2.5;0.0;0.01;1.4;95.0;100;"admin";1
561;"Jahe";51.0;1.5;1.0;10.1;21.0;39.0;2.0;30.0;0.02;4.0;97.0;100;"admin";1
562;"Kecap";46.0;5.7;1.3;9.0;123.0;96.0;6.0;0.0;0.0;0.0;100.0;100;"admin";1
563;"Kelangis";230.0;5.7;20.6;5.5;260.0;149.0;7.5;0.0;0.05;0.0;100.0;100;"admin";1
564;"Kunyit";63.0;2.0;2.7;9.1;24.0;78.0;3.0;0.0;0.03;1.0;78.0;100;"admin";1
565;"Lawi-lawi";18.0;0.5;0.9;2.6;307.0;307.0;9.9;0.0;0.0;1.3;100.0;100;"admin";1
566;"Lidah buaya";4.0;0.1;0.2;0.4;85.0;186.0;0.8;0.0;0.01;0.0;73.0;100;"admin";1
567;"Merica";359.0;11.5;6.8;64.4;460.0;200.0;17.0;0.0;0.2;0.0;100.0;100;"admin";1
568;"Ragi";136.0;43.0;2.4;3.0;140.0;1900.0;20.0;0.0;0.0;0.0;100.0;100;"admin";1
569;"Saos tomat";98.0;2.0;0.4;24.5;12.0;18.0;1.0;1880.0;0.09;11.0;100.0;100;"admin";1
570;"Bacang";72.0;2.3;1.9;11.4;0.01;0.0;2.4;0.0;0.0;0.0;100.0;70;"admin";1
571;"Bihun goreng";308.0;5.9;8.9;51.0;0.06;0.0;0.08;0.0;0.0;0.0;100.0;200;"admin";1
572;"Bubur";6.0;0.1;0.0;1.3;0.2;0.0;0.02;0.0;0.04;0.0;100.0;10;"admin";1
573;"Bubur beras (Menu Pgln)";70.0;1.8;0.0;0.0;5.0;0.0;0.5;0.0;0.02;0.0;100.0;100;"admin";1
574;"Bubur kentang (Menu Pgln)";76.0;1.3;0.0;0.0;2.5;0.0;1.2;0.0;0.02;3.0;100.0;100;"admin";1
575;"Bubur tepung (Menu Pgln)";363.0;0.5;0.0;0.0;0.9;0.0;0.1;0.0;0.02;0.0;100.0;100;"admin";1
576;"Bubur wortel (Menu Pgln)";73.0;1.4;0.0;0.0;5.1;0.0;1.7;1277.0;0.0;0.6;100.0;100;"admin";1
577;"Buntil";106.0;4.4;6.3;7.9;225.0;0.0;16.2;213.0;0.04;99.99;100.0;100;"admin";1
578;"Buras";88.0;2.3;1.3;16.7;0.02;0.0;3.95;0.0;0.0;0.0;100.0;70;"admin";1
579;"Cassava stick";460.0;0.8;18.7;17.2;144.0;6.0;7.5;0.0;0.19;0.0;100.0;100;"admin";1
580;"Cemplon";94.0;0.5;5.28;12.61;8.0;12.0;0.2;0.0;0.01;7.0;100.0;100;"admin";1
581;"Ceriping getuk singkong";462.0;1.2;20.7;67.7;1248.0;127.0;8.8;0.0;0.29;0.0;100.0;100;"admin";1
582;"Chilmil";472.0;18.0;20.0;55.0;600.0;0.0;6.0;1200.0;0.0;0.0;100.0;100;"admin";1
583;"Combro";105.0;0.8;3.3;17.9;3.21;0.0;1.21;0.0;0.0;0.0;100.0;50;"admin";1
584;"Deblo";52.0;0.4;3.0;10.6;11.3;0.0;0.39;14.0;0.2;5.0;100.0;20;"admin";1
585;"Dodongkal";7.0;1.3;0.9;15.8;0.01;0.0;0.2;0.0;0.0;0.0;100.0;40;"admin";1
586;"Gadung kukus";88.0;0.6;0.3;20.9;26.0;74.0;0.4;0.0;0.03;0.0;100.0;100;"admin";1
587;"Ganyong rebus";100.0;0.8;0.2;23.8;15.0;65.0;0.9;0.0;0.04;6.0;100.0;100;"admin";1
588;"Gemblong";115.0;1.7;2.6;21.1;0.06;0.0;0.2;0.0;0.0;0.0;100.0;40;"admin";1
589;"Gemblong (DKBM P3G '90)";274.0;1.7;5.4;55.5;69.0;55.0;3.3;0.0;0.0;0.0;100.0;100;"admin";1
590;"Gendar goreng";407.0;6.4;28.2;32.0;216.0;62.0;1.6;0.0;0.16;0.0;100.0;100;"admin";1
591;"Geplak";350.0;1.4;14.4;53.6;0.0;0.0;0.0;0.0;0.0;0.0;100.0;100;"admin";1
592;"Getuk goreng sukaraja";360.0;1.3;6.4;74.3;59.0;81.0;3.2;0.0;0.21;0.0;100.0;100;"admin";1
593;"Getuk lindri";60.0;0.6;1.4;11.2;0.01;0.0;0.2;0.0;0.0;0.0;100.0;35;"admin";1
594;"Getuk singkong";204.0;0.5;1.4;47.4;97.0;52.0;1.5;0.0;0.08;0.0;100.0;100;"admin";1
595;"Gudangan (urapan)";84.0;2.76;3.42;12.06;102.0;140.0;1.79;1923.0;0.06;31.0;100.0;100;"admin";1
596;"Hunkwe (Menu Pgln)";226.0;2.0;0.0;0.0;25.9;0.0;0.2;0.0;0.0;1.5;100.0;100;"admin";1
597;"Intip goreng";474.0;7.6;21.6;62.3;323.0;46.0;2.5;0.0;0.25;0.0;100.0;100;"admin";1
598;"Intip goreng/kerak nasi";474.0;7.6;21.6;62.3;323.0;64.0;2.5;0.0;0.25;0.0;100.0;100;"admin";1
599;"Jagung gronto metro";135.0;2.2;1.1;28.9;71.0;87.0;1.2;0.0;0.03;0.0;100.0;100;"admin";1
600;"Jagung grontol harapan";156.0;2.7;1.3;33.3;51.0;105.0;1.2;0.0;0.08;0.0;100.0;100;"admin";1
601;"Jagung kering dengan kulit";355.0;9.2;3.9;73.7;10.0;256.0;2.4;510.0;0.38;0.0;30.0;100;"admin";1
602;"Jagung rebus";105.0;2.6;1.1;21.1;2.9;0.0;0.68;51.0;0.68;0.0;100.0;60;"admin";1
603;"Japilus";500.0;1.2;25.1;67.3;18.6;29.0;4.9;0.0;0.0;0.0;100.0;100;"admin";1
604;"Jenang";220.0;2.6;5.7;39.5;0.04;0.0;0.4;0.0;0.0;0.0;100.0;60;"admin";1
605;"Karoket";73.0;1.2;2.8;0.7;0.01;0.0;0.85;0.0;0.0;0.0;100.0;25;"admin";1
606;"Kecimpring singkong";464.0;1.2;18.6;73.0;82.0;52.0;3.4;0.0;0.34;0.0;100.0;100;"admin";1
607;"Kecimpring sinkong goreng";262.0;1.2;18.6;73.0;82.0;52.0;3.4;0.0;0.34;0.0;100.0;100;"admin";1
608;"Kelepon";107.0;0.6;2.7;20.1;0.01;0.0;0.37;0.0;0.0;0.0;100.0;50;"admin";1
609;"Kemplang goreng";504.0;5.6;28.1;57.1;50.0;94.0;2.9;19.0;0.31;0.0;100.0;100;"admin";1
610;"Kemplang panggang";356.0;9.7;1.1;76.9;62.0;129.0;2.9;23.0;0.36;0.0;100.0;100;"admin";1
611;"Keremes";475.0;1.6;25.2;64.4;153.0;88.0;1.0;0.0;0.0;0.0;100.0;100;"admin";1
612;"Keripik gadung";446.0;2.8;14.5;76.0;147.0;52.0;1.9;0.0;0.95;0.0;100.0;100;"admin";1
613;"Keripik singkong";478.0;0.9;20.7;72.0;189.0;101.0;1.9;0.0;0.24;0.0;100.0;100;"admin";1
614;"Keripik singkong berbumbu";481.0;2.2;19.7;73.6;156.0;103.0;1.6;0.0;0.31;0.0;100.0;100;"admin";1
615;"Kerupuk sayong";7.0;0.2;2.6;12.2;12.0;0.0;0.28;0.0;0.01;0.0;100.0;15;"admin";1
616;"Ketapang";34.0;0.7;1.1;5.4;1.4;0.0;0.07;0.0;0.07;0.0;100.0;10;"admin";1
617;"Ketela kukus";153.0;1.2;0.3;36.4;56.0;22.0;0.4;0.0;0.0;20.0;100.0;100;"admin";1
618;"Ketela tapai";169.0;1.4;0.3;40.2;21.0;34.0;0.8;0.0;0.0;0.0;100.0;100;"admin";1
619;"Ketupat ketan";212.0;4.0;4.6;38.6;8.0;46.0;1.0;0.0;0.07;0.0;100.0;100;"admin";1
620;"Ketupat tahu";274.0;7.4;6.5;46.6;0.18;0.0;0.82;0.0;0.0;0.0;100.0;250;"admin";1
621;"Komba kukus";71.0;2.3;0.3;15.4;29.0;26.0;0.6;0.0;0.06;21.0;100.0;100;"admin";1
622;"Kue Kutu mayang";100.0;0.5;1.2;21.9;0.01;0.0;0.1;0.0;0.0;0.0;100.0;50;"admin";1
623;"Kue apem";84.0;1.5;0.7;17.8;0.01;0.0;0.1;0.0;0.0;0.0;100.0;45;"admin";1
624;"Kue bugis";24.0;0.3;0.1;5.4;1.15;0.0;0.18;0.0;0.0;0.0;100.0;10;"admin";1
625;"Kue koya";366.0;4.2;4.3;7.9;153.0;0.0;7.0;0.0;0.0;0.0;100.0;100;"admin";1
626;"Kue mangkok";91.0;1.5;0.5;20.2;0.01;0.0;0.36;0.0;0.0;0.0;100.0;50;"admin";1
627;"Kue pacar cina";38.0;0.7;0.2;17.2;9.3;0.0;0.18;0.0;0.0;0.0;100.0;30;"admin";1
628;"Kue pia";148.0;2.3;0.7;33.2;0.03;0.0;0.5;0.0;0.0;0.0;100.0;50;"admin";1
629;"Kue satu";59.0;1.9;0.4;11.9;0.04;0.0;1.22;0.0;0.0;0.0;100.0;15;"admin";1
630;"Kue semprong";38.0;0.1;0.1;9.2;0.01;0.0;0.12;0.0;0.0;0.0;100.0;10;"admin";1
631;"Kue talam";18.0;0.1;0.5;3.2;0.01;0.0;0.75;0.0;0.0;0.0;100.0;10;"admin";1
632;"Kue tambang";128.0;2.2;6.5;15.1;0.01;0.0;0.4;0.0;0.0;0.0;100.0;25;"admin";1
633;"Laksa";499.0;8.2;11.6;88.4;0.15;0.0;4.5;22.0;0.0;0.0;100.0;300;"admin";1
634;"Lemper";177.0;3.0;2.9;34.7;0.01;0.0;0.44;0.0;0.0;0.0;100.0;80;"admin";1
635;"Lenting getuk";422.0;0.9;10.8;80.4;206.0;104.0;3.6;0.0;0.43;0.0;100.0;100;"admin";1
636;"Leupeut ketan";96.0;3.1;0.2;20.5;8.2;0.0;0.65;2.0;0.96;0.0;100.0;40;"admin";1
637;"Lopis";98.0;1.7;1.3;19.8;0.01;0.0;0.19;0.0;0.0;0.0;100.0;60;"admin";1
638;"Lumpia";133.0;3.43;0.47;28.14;8.0;44.0;0.49;1.0;0.04;1.0;100.0;100;"admin";1
639;"Martabak";199.0;3.5;4.1;37.0;0.02;0.0;1.4;121.0;0.0;0.0;100.0;75;"admin";1
640;"Martabak telur";200.0;8.9;5.1;29.5;0.06;0.0;1.85;160.0;0.0;0.0;100.0;100;"admin";1
641;"Mi kuning goreng";476.0;0.1;21.1;71.3;57.0;36.0;4.8;0.0;0.22;0.0;100.0;100;"admin";1
642;"Mie +telur (Menu Pgln)";178.0;5.0;0.0;0.0;47.1;0.0;2.6;289.0;0.04;0.0;100.0;100;"admin";1
643;"Mie ayam";360.0;5.9;16.15;49.87;100.0;90.0;3.7;1551.0;0.03;22.0;100.0;100;"admin";1
644;"Mie goreng";117.0;1.9;5.1;15.6;5.6;0.0;0.44;34.0;0.04;0.0;100.0;25;"admin";1
645;"Mie goreng (mie kering noodle)";185.0;5.5;5.3;23.9;0.0;0.0;0.0;0.0;0.0;0.0;100.0;100;"admin";1
646;"Mie laksa basah";155.0;0.2;0.1;38.2;0.0;0.0;0.0;0.0;0.0;0.0;100.0;100;"admin";1
647;"Mie laksa kering";347.0;8.0;0.2;78.2;0.0;0.0;0.0;0.0;0.0;0.0;100.0;100;"admin";1
648;"Mie sua";320.0;9.1;0.2;70.4;0.0;0.0;0.0;0.0;0.0;0.0;100.0;100;"admin";1
649;"Misro";109.0;0.4;2.0;25.1;0.03;0.0;0.29;0.0;0.0;0.0;100.0;50;"admin";1
650;"Nasi (Menu Pgln)";176.0;3.3;0.0;0.0;4.9;0.0;0.0;0.0;0.0;0.0;100.0;100;"admin";1
651;"Nasi Beras giling masak";178.0;2.1;0.1;40.6;5.0;22.0;1.0;0.0;0.02;0.0;100.0;100;"admin";1
652;"Nasi beras giling pelita I/1";180.0;3.0;0.3;39.8;25.0;27.0;0.4;0.0;0.05;0.0;100.0;100;"admin";1
653;"Nasi beras giling pelita II/1";158.0;4.0;0.5;33.2;28.0;50.0;0.8;0.0;0.07;0.0;100.0;100;"admin";1
654;"Nasi beras tumbuk pelita I/1";166.0;4.2;0.5;35.0;32.0;75.0;0.3;0.0;0.08;0.0;100.0;100;"admin";1
655;"Nasi beras tumbuk pelita II/1";144.0;3.6;0.4;30.6;21.0;45.0;0.8;0.0;0.1;0.0;100.0;100;"admin";1
656;"Nasi goreng";138.0;1.6;1.6;15.1;2.4;0.0;0.33;0.0;0.43;0.0;100.0;50;"admin";1
657;"Nasi goreng+telur (Menu Pgln)";198.0;6.4;0.0;0.0;21.0;0.0;0.9;297.0;0.03;0.0;100.0;100;"admin";1
658;"Nasi tim (Menu Pgln)";120.0;2.3;0.0;0.0;3.3;0.0;0.0;0.0;0.0;0.0;100.0;100;"admin";1
659;"Nasi uduk";152.0;2.6;2.6;7.0;0.02;0.0;0.21;0.0;0.0;0.0;100.0;60;"admin";1
660;"Onde-onde";101.0;2.9;3.1;15.5;0.02;0.0;1.57;0.0;0.0;0.0;100.0;35;"admin";1
661;"Ongol-ongol";23.0;0.3;1.2;2.8;0.01;0.0;0.2;0.0;0.0;0.0;100.0;20;"admin";1
662;"Ongol-ongol sagu";111.0;0.3;2.7;21.2;79.0;15.0;1.7;0.0;0.06;0.0;100.0;100;"admin";1
663;"Opak singkong";47.0;1.8;2.1;5.2;30.0;0.0;0.6;0.0;0.09;0.0;100.0;5;"admin";1
664;"Papais";107.0;2.4;1.3;21.6;0.01;0.0;0.1;0.0;0.0;0.0;100.0;80;"admin";1
665;"Pastel";208.0;5.2;15.4;31.4;0.02;0.0;0.1;0.0;0.0;0.0;100.0;90;"admin";1
666;"Perkedel kentang";439.0;15.77;7.13;79.62;76.0;337.0;4.47;526.0;0.5;70.0;100.0;100;"admin";1
667;"Pilus";257.0;0.5;13.9;32.5;0.32;0.0;0.7;0.0;0.0;0.0;100.0;50;"admin";1
668;"Putu";21.0;0.3;0.6;3.7;0.01;0.0;0.12;0.0;0.0;0.0;100.0;10;"admin";1
669;"Rarawuan";118.0;2.9;3.4;19.0;0.42;0.0;0.31;0.0;0.0;0.0;100.0;40;"admin";1
670;"Risoles";134.0;2.1;1.4;28.2;2.7;0.0;0.56;0.0;0.0;0.0;100.0;40;"admin";1
671;"Roti gambang";70.0;1.5;0.4;15.1;4.7;0.0;0.47;0.0;0.0;0.0;100.0;20;"admin";1
672;"Roti isi coklat";215.0;5.29;1.9;44.95;15.0;94.0;1.24;2.0;0.06;0.0;100.0;100;"admin";1
673;"Roti isi kacang";217.0;6.0;0.23;45.65;15.0;74.0;0.99;8.0;0.09;0.0;100.0;100;"admin";1
674;"Roti isi kelapa (manis)";518.0;13.7;30.0;48.4;0.0;0.0;0.0;0.0;0.0;0.0;100.0;100;"admin";1
675;"Roti kukus";249.0;5.1;2.1;52.5;0.0;0.0;0.0;0.0;0.0;0.0;100.0;100;"admin";1
676;"Sagu ambon";338.0;0.6;0.3;83.1;16.0;0.0;10.8;0.0;0.0;0.0;100.0;100;"admin";1
677;"Serabi";245.0;6.0;5.0;43.9;22.0;20.0;2.6;0.0;0.0;0.0;100.0;100;"admin";1
678;"Singkong goreng";57.0;0.2;3.6;5.6;0.7;0.0;0.12;0.0;0.1;2.0;100.0;20;"admin";1
679;"Siomay";162.0;7.5;3.8;24.4;3.56;0.0;2.41;0.0;0.0;0.0;100.0;170;"admin";1
680;"Soun";351.0;11.3;0.0;76.5;0.0;0.0;0.0;0.0;0.0;0.0;100.0;100;"admin";1
681;"Sriping talas kebumen";478.0;2.5;21.2;69.2;112.0;118.0;2.3;0.0;0.25;0.0;100.0;100;"admin";1
682;"Supermi (Menu Pgln)";113.0;0.6;0.0;0.0;13.8;0.0;0.6;0.0;0.0;0.0;100.0;100;"admin";1
683;"Supermi+telor (Menu Pgln)";166.0;6.8;0.0;0.0;34.0;0.0;1.8;289.0;0.03;0.0;100.0;100;"admin";1
684;"Suweg kukus";93.0;1.5;0.1;21.9;50.0;58.0;0.8;0.0;0.09;0.0;100.0;100;"admin";1
685;"Talas kukus";120.0;1.5;0.3;28.2;31.0;63.0;0.7;0.0;0.05;2.0;100.0;100;"admin";1
686;"Tapai beras ketan hitam";166.0;3.8;1.0;34.4;8.0;106.0;1.6;0.0;0.02;0.0;100.0;100;"admin";1
687;"Tapai beras ketan putih";172.0;3.0;0.5;37.5;6.0;35.0;0.5;0.0;0.04;0.0;100.0;100;"admin";1
688;"Ubi jalar goreng";48.0;1.1;0.4;16.6;12.0;0.0;0.28;1752.0;0.32;2.0;100.0;30;"admin";1
689;"Ubi jalar kukus";100.0;0.7;0.3;23.8;44.0;46.0;0.4;0.0;0.0;16.0;100.0;100;"admin";1
690;"Ubi jalar rebus";74.0;0.9;6.2;16.6;18.0;0.0;0.4;2328.0;0.41;6.0;100.0;65;"admin";1
691;"Ubi jalar sayur";110.0;0.8;0.2;13.5;5.1;0.0;0.12;582.0;0.11;3.0;100.0;60;"admin";1
692;"Ubi kemayung kukus";165.0;0.9;0.2;39.8;20.0;23.0;0.8;0.0;0.02;0.0;85.0;100;"admin";1
693;"Ampas tahu kukus";75.0;4.1;2.1;10.7;203.0;60.0;1.3;0.0;0.07;82.5;100.0;100;"admin";0
694;"Biji jambu mete goreng";629.0;21.5;56.6;19.8;502.0;493.0;8.0;0.0;0.18;0.0;100.0;100;"admin";1
695;"Botok lamtoro";186.0;11.7;9.7;13.0;0.0;0.0;0.0;0.0;0.0;0.0;100.0;100;"admin";1
696;"Bubur kacang ijo";106.0;3.9;3.6;14.6;0.0;0.0;0.0;0.0;0.0;0.0;100.0;100;"admin";1
697;"Bubur kacang ijo (Menu Pgln)";204.0;5.9;0.0;0.0;95.8;0.0;2.0;34.0;0.14;2.4;100.0;100;"admin";1
698;"Emping goreng asin";431.0;11.1;16.2;63.0;77.0;0.0;0.0;0.0;0.08;0.0;100.0;100;"admin";1
699;"Emping goreng manis";439.0;10.0;16.4;65.7;66.0;225.0;0.0;0.0;0.1;0.0;100.0;100;"admin";1
700;"Emping goreng tipis";485.0;11.5;24.5;59.1;85.0;218.0;0.0;0.0;0.11;0.0;100.0;100;"admin";1
701;"Goreng oncom";109.0;2.2;5.8;12.1;0.01;0.0;4.29;0.0;0.0;0.0;100.0;30;"admin";1
702;"Kacang atom";533.0;27.8;38.1;28.8;87.0;423.0;3.0;0.0;0.06;0.0;100.0;100;"admin";1
703;"Kacang babi bogor goreng";479.0;12.7;23.2;58.9;135.0;184.0;2.9;0.0;0.0;0.0;100.0;100;"admin";1
704;"Kacang babi bogor rebus";161.0;7.7;2.8;27.1;56.0;134.0;1.4;0.0;0.0;0.0;35.0;100;"admin";1
705;"Kacang babi kecipir rebus";204.0;16.9;8.8;17.5;230.0;180.0;3.3;0.0;0.02;0.0;100.0;100;"admin";1
706;"Kacang gude rebus";147.0;9.0;0.5;27.5;50.0;175.0;2.0;0.0;0.1;0.0;100.0;100;"admin";1
707;"Kacang hijau rebus";109.0;8.7;0.5;18.3;95.0;149.0;1.5;0.0;0.12;33.0;100.0;100;"admin";1
708;"Kacang kapri goreng";89.0;3.8;2.2;13.1;0.01;0.0;0.47;0.0;0.0;0.0;100.0;20;"admin";1
709;"Kacang kedelai goreng";521.0;32.2;37.7;22.9;296.0;800.0;6.5;0.0;0.4;0.0;100.0;100;"admin";1
710;"Kacang kedelai rebus";189.0;20.2;8.2;12.7;91.0;270.0;3.9;0.0;0.2;0.0;100.0;100;"admin";1
711;"Kacang kulit";628.0;30.7;50.5;12.7;0.0;0.0;0.0;0.0;0.0;0.0;100.0;100;"admin";1
712;"Kacang merah kering rebus";158.0;10.3;0.9;28.2;160.0;149.0;3.7;0.0;0.2;0.0;971.0;100;"admin";1
713;"Kacang merah segar rebus";144.0;10.0;1.0;24.7;144.0;150.0;2.8;0.0;0.1;0.0;100.0;100;"admin";1
714;"Kacang sari";561.0;25.5;43.8;26.0;50.0;324.0;3.1;0.0;0.08;0.0;100.0;100;"admin";1
715;"Kacang sukro (DKBM P3G '90)";484.0;8.8;26.1;57.7;49.0;194.0;2.1;0.0;0.06;0.0;100.0;100;"admin";1
716;"Kacang sukro putih";122.0;1.3;6.4;14.9;0.01;0.0;0.2;0.0;0.0;0.0;100.0;25;"admin";1
717;"Kacang tanah goreng";564.0;25.5;44.4;25.5;106.0;390.0;4.1;0.0;0.4;0.0;100.0;100;"admin";1
718;"Kacang tanah rebus";77.0;2.8;6.2;2.6;8.4;0.0;0.0;0.0;0.0;1.0;100.0;20;"admin";1
719;"Kacang tanah rebus";220.0;10.6;18.0;8.0;89.0;273.0;1.9;0.0;0.1;0.0;100.0;100;"admin";1
720;"Kacang tanah sangan";560.0;29.5;43.0;24.1;107.0;366.0;4.1;0.0;0.31;0.0;100.0;100;"admin";1
721;"Kacang telur";187.0;2.5;5.2;31.2;0.02;0.0;0.15;0.0;0.0;0.0;100.0;25;"admin";1
722;"Kacang tolo rebus";138.0;10.7;1.1;22.6;165.0;172.0;4.0;0.0;0.01;0.0;100.0;100;"admin";1
723;"Kembang tahu rebus";90.0;10.7;4.0;4.7;85.0;0.0;0.0;0.0;0.0;0.0;100.0;100;"admin";1
724;"Kripik abadi besar";556.0;15.8;37.1;39.8;112.0;215.0;5.4;0.0;0.63;0.0;100.0;100;"admin";1
725;"Kripik murni";542.0;40.3;42.4;11.6;175.0;529.0;5.2;0.0;0.1;0.0;100.0;100;"admin";1
726;"Kripik murni";540.0;16.7;33.9;42.0;92.0;184.0;3.2;0.0;0.38;0.0;100.0;100;"admin";1
727;"Kripik oncom";598.0;8.3;43.8;42.6;85.0;153.0;27.0;0.0;1.13;0.0;100.0;100;"admin";1
728;"Kripik sedang";510.0;12.3;27.9;52.4;122.0;211.0;8.4;0.0;0.52;0.0;100.0;100;"admin";1
729;"Kripik telur";529.0;20.8;31.7;40.2;124.0;222.0;5.4;0.0;0.86;0.0;100.0;100;"admin";1
730;"Kripik tempe";581.0;12.1;40.6;41.7;237.0;116.0;6.9;0.0;0.35;0.0;100.0;100;"admin";1
731;"Kripik tempe goreng";542.0;40.3;42.4;11.5;175.0;0.0;5.2;0.0;0.1;0.0;100.0;100;"admin";1
732;"Noga kacang tanah";180.0;4.2;12.5;12.6;0.01;0.0;0.55;0.0;0.0;0.0;100.0;30;"admin";1
733;"Oncom hitam goreng";71.0;3.0;3.6;3.4;28.9;0.0;16.71;0.0;0.27;0.0;100.0;25;"admin";1
734;"Oncom hitam tepung";92.0;2.7;5.4;8.1;2.1;0.0;11.79;0.0;0.28;0.0;100.0;30;"admin";1
735;"Oncom merah bertepung";96.0;2.8;5.6;9.3;10.2;0.0;2.74;0.0;0.11;0.0;100.0;30;"admin";1
736;"Oncom merah goreng";92.0;1.7;8.0;3.3;1.0;0.0;2.87;0.0;0.24;0.0;100.0;25;"admin";1
737;"Oncom merah sayur (tumis)";4.0;0.2;0.2;0.3;1.2;0.0;0.26;1.0;0.08;0.0;100.0;10;"admin";1
738;"Pepes oncom";132.0;12.7;3.8;13.7;133.0;355.0;34.4;0.0;0.08;0.0;100.0;100;"admin";1
739;"Pepes oncom / ampas tahu";76.0;5.2;1.8;10.6;215.0;66.0;12.5;0.0;0.11;0.0;100.0;100;"admin";1
740;"Pepes taoco";184.0;11.4;5.5;22.2;72.0;463.0;6.0;0.0;0.32;0.0;100.0;100;"admin";1
741;"Rempeyek";513.0;17.5;32.5;44.3;65.0;202.0;2.6;0.0;0.1;0.0;100.0;100;"admin";1
742;"Rempeyek kacang tanah";513.0;17.5;32.5;44.3;65.0;202.0;2.6;0.0;0.1;0.0;100.0;100;"admin";1
743;"Rempeyek kacang tolo";451.0;11.2;20.2;59.7;156.0;221.0;4.6;0.0;0.02;0.0;100.0;100;"admin";1
744;"Rempeyek kacang uci";497.0;17.0;27.6;50.8;166.0;89.0;6.7;0.0;0.05;0.0;100.0;100;"admin";1
745;"Tahu goreng";32.0;1.4;2.8;0.3;21.2;0.0;0.13;0.0;0.1;0.0;100.0;25;"admin";1
746;"Tahu goreng (DKBM P3G '90)";115.0;9.7;8.5;2.5;229.0;200.0;4.1;0.0;0.01;0.0;100.0;100;"admin";1
747;"Tahu goreng (Menu Pgln)";143.0;9.6;0.0;0.0;124.0;0.0;0.0;0.0;0.6;0.0;100.0;100;"admin";1
748;"Tauco";158.0;11.3;5.4;18.1;235.0;682.0;7.6;0.0;0.0;0.0;100.0;100;"admin";1
749;"Tauco cap beruang";347.0;7.4;5.2;67.6;63.0;106.0;6.2;0.0;0.35;0.0;100.0;100;"admin";1
750;"Tauco cap das";358.0;7.5;4.3;70.4;94.0;94.0;4.5;0.0;0.29;0.0;100.0;100;"admin";1
751;"Tauco cap meong";159.0;7.4;4.9;21.3;183.0;84.0;10.1;0.0;0.46;0.0;100.0;100;"admin";1
752;"Tauji cap singa";277.0;9.1;4.7;49.6;68.0;106.0;3.0;0.0;0.15;0.0;100.0;100;"admin";1
753;"Tempe goreng";82.0;4.6;5.8;3.2;37.4;0.0;2.62;0.0;0.48;0.0;100.0;25;"admin";1
754;"Tempe goreng (Menu Pgln)";335.0;23.3;0.0;0.0;195.0;0.0;8.4;140.0;0.77;0.0;100.0;100;"admin";1
755;"Tempe murni goreng";350.0;24.5;26.6;10.4;202.0;296.0;4.9;0.0;0.24;0.0;100.0;100;"admin";1
756;"Tempe pasar goreng";336.0;20.0;28.0;7.8;156.0;350.0;3.0;0.0;0.1;0.0;100.0;100;"admin";1
757;"Tempe sayur";36.0;0.9;0.4;7.4;1.2;0.0;0.46;0.0;0.02;0.0;100.0;15;"admin";1
758;"Abon sapi";212.0;18.0;10.6;59.3;160.0;9000.0;12.4;0.1;0.5;0.1;100.0;100;"admin";0
759;"Abon sapi asli";358.0;14.6;16.1;38.6;165.0;136.0;14.6;9.0;0.13;0.0;100.0;100;"admin";0
760;"Ati ayam (buras)";112.0;18.3;3.2;2.6;0.0;0.0;0.0;0.0;0.0;0.0;100.0;100;"admin";1
761;"Ati ayam (ras)";105.0;16.6;3.4;2.1;0.0;0.0;0.0;0.0;0.0;0.0;100.0;100;"admin";1
762;"Ayam goreng (Menu Pgln)";595.0;30.5;0.0;0.0;14.0;0.0;1.5;810.0;0.16;0.0;100.0;100;"admin";1
763;"Ayam goreng buras mbok berek";295.0;39.2;13.6;1.0;114.0;278.0;5.4;26.0;0.19;0.0;100.0;100;"admin";1
764;"Ayam paha lengkap kalasan";275.0;37.4;12.2;1.3;116.0;237.0;5.8;34.0;0.1;0.0;100.0;100;"admin";1
765;"Ayam paha pasundan";245.0;33.1;11.4;0.3;90.0;283.0;7.3;27.0;0.37;0.0;100.0;100;"admin";1
766;"Ayam paha sukabumi";283.0;35.7;14.3;0.5;68.0;106.0;5.4;36.0;0.36;0.0;100.0;100;"admin";1
767;"Ayam pasundan";246.0;37.9;9.0;0.7;90.0;260.0;7.5;20.0;0.16;0.0;100.0;100;"admin";1
768;"Ayam ras dada church toxas";338.0;35.2;20.6;0.4;79.0;221.0;5.6;52.0;0.52;0.0;100.0;100;"admin";1
769;"Ayam ras dada kentucky";298.0;34.2;16.8;0.1;90.0;284.0;5.5;120.0;0.19;0.0;100.0;100;"admin";1
770;"Ayam ras dada pioner";295.0;37.4;14.7;0.6;108.0;236.0;6.8;52.0;0.1;0.0;100.0;100;"admin";1
771;"Ayam ras paha church";287.0;31.0;15.7;1.7;99.0;176.0;4.1;71.0;0.66;0.0;100.0;100;"admin";1
772;"Ayam ras paha kentucky";286.0;32.1;16.7;1.1;89.0;248.0;6.9;102.0;0.5;0.0;100.0;100;"admin";1
773;"Ayam sayap church";295.0;34.0;16.0;1.5;81.0;179.0;3.0;44.0;0.44;0.0;100.0;100;"admin";1
774;"Ayam sayap kentucky";297.0;35.9;15.2;1.6;103.0;227.0;4.4;72.0;0.73;0.0;100.0;100;"admin";1
775;"Ayam sukabumi";244.0;36.7;9.2;1.0;81.0;154.0;6.1;65.0;0.66;0.0;100.0;100;"admin";1
776;"Babi lawar";174.0;17.0;10.0;3.0;61.0;141.0;3.0;0.0;0.1;0.0;100.0;100;"admin";1
777;"Ceker ayam (buras)";197.0;20.6;11.5;2.7;0.0;0.0;0.0;0.0;0.0;0.0;100.0;100;"admin";1
778;"Ceker ayam (ras)";245.0;20.8;17.1;2.1;0.0;0.0;0.0;0.0;0.0;0.0;100.0;100;"admin";1
779;"Daging puyuh (goreng)";187.0;25.6;8.2;2.8;0.0;0.0;0.0;0.0;0.0;0.0;100.0;100;"admin";1
780;"Dendeng bekicot";441.0;48.7;20.3;15.8;692.0;523.0;16.6;91.0;0.48;0.0;100.0;100;"admin";1
781;"Paru goreng";488.0;39.4;36.5;0.4;39.0;497.0;18.4;0.0;0.0;0.0;100.0;100;"admin";1
782;"Penyu lawar";141.0;23.0;1.5;7.6;69.0;141.0;6.0;0.0;0.1;0.0;100.0;100;"admin";1
783;"Penyu sate";179.0;22.5;3.5;13.3;187.0;238.0;14.4;0.0;0.1;0.0;100.0;100;"admin";1
784;"Penyu serapah";174.0;13.1;12.2;2.2;72.0;186.0;9.5;438.0;0.06;0.0;100.0;100;"admin";1
785;"Pizza sapi";294.0;17.9;17.5;16.1;269.0;207.0;0.8;0.0;0.07;0.0;100.0;100;"admin";1
786;"Rawon";60.0;5.4;2.5;4.0;272.0;153.0;3.3;35.0;0.09;0.0;100.0;100;"admin";1
787;"Rempelo ayam";108.0;17.2;4.1;0.4;0.0;0.0;0.0;0.0;0.0;0.0;100.0;100;"admin";1
788;"Rempelo ayam (goreng)";270.0;32.3;11.2;9.9;0.0;0.0;0.0;0.0;0.0;0.0;100.0;100;"admin";1
789;"Rendang";193.0;22.6;7.9;7.8;474.0;211.0;14.9;69.0;0.12;0.0;100.0;100;"admin";1
790;"Rujak cingur";153.0;11.3;8.4;8.0;256.0;143.0;4.4;61.0;0.16;1.6;100.0;100;"admin";1
791;"Sapi rendang";193.0;22.6;7.9;7.8;474.0;211.0;14.9;69.0;0.12;0.0;100.0;100;"admin";1
792;"Sate ayam";227.0;41.3;6.1;1.8;17.0;405.0;2.2;5.0;0.13;0.0;100.0;100;"admin";1
793;"Sate daging kambing";211.0;41.7;4.9;0.0;44.0;412.0;2.7;5.0;0.13;0.0;100.0;100;"admin";1
794;"Sate daging lembu";219.0;38.9;6.7;0.8;8.0;391.0;3.6;7.0;0.15;0.0;100.0;100;"admin";1
795;"Sate kuah";151.0;14.9;1.3;20.0;26.0;162.0;1.7;22.0;0.06;0.0;100.0;100;"admin";1
796;"Sate kulit";22.0;3.1;0.1;2.3;0.01;0.0;0.01;0.0;0.0;0.0;100.0;20;"admin";1
797;"Sate perut lembu";218.0;22.6;11.5;6.1;18.0;321.0;5.8;24.0;0.05;0.0;100.0;100;"admin";1
798;"Sate usus";19.0;2.1;1.1;0.2;2.1;0.0;0.2;0.0;0.11;0.0;100.0;15;"admin";1
799;"Soto dengan daging";102.0;2.1;7.5;6.6;8.6;0.0;0.8;29.0;0.1;0.0;100.0;80;"admin";1
800;"Soto tanpa daging";82.0;0.3;6.0;6.7;8.8;0.0;0.77;28.0;0.09;0.0;100.0;70;"admin";1
801;"Sus isi ragout";221.0;7.5;10.2;24.8;0.0;0.0;0.0;0.0;0.0;0.0;100.0;100;"admin";1
802;"Usus ayam goreng";473.0;45.2;26.3;13.9;1407.0;458.0;8.4;20.0;0.57;0.0;100.0;100;"admin";1
803;"Telur ayam dadar";251.0;16.3;19.4;1.4;62.0;250.0;2.5;120.0;0.21;0.0;100.0;100;"admin";1
804;"Telur bebek dadar";301.0;20.0;23.7;0.0;71.0;600.0;9.2;404.0;0.35;0.0;100.0;100;"admin";1
805;"Telur ceplok (Menu Pgln)";240.0;11.0;0.0;0.0;54.0;0.0;2.7;900.0;0.1;0.0;100.0;100;"admin";1
806;"Telur dadar (Menu Pgln)";259.0;11.7;0.0;0.0;54.0;0.0;2.7;900.0;0.1;0.0;100.0;100;"admin";1
807;"Telur dadar+terigu (Menu Pgln)";289.0;10.7;0.0;0.0;48.9;0.0;2.5;600.0;0.01;0.0;100.0;100;"admin";1
808;"Telur puyuh";168.0;12.3;12.7;1.2;0.0;0.0;0.0;0.0;0.0;0.0;100.0;100;"admin";1
809;"Telur rebus (Menu Pgln)";154.0;12.2;0.0;0.0;54.0;0.0;2.7;900.0;0.1;0.0;100.0;100;"admin";1
810;"Bandeng presto";296.0;17.1;20.3;11.3;1422.0;659.0;1.9;19.0;0.14;0.0;100.0;100;"admin";1
811;"Belut dendeng goreng";382.0;55.7;14.1;8.0;1069.0;654.0;15.4;91.0;0.48;0.0;100.0;100;"admin";1
812;"Belut goreng";417.0;25.9;19.4;32.0;840.0;872.0;4.9;0.0;0.0;0.0;100.0;100;"admin";1
813;"Cumi-cumi goreng";265.0;40.6;10.1;0.0;62.0;270.0;2.7;0.0;0.09;0.0;100.0;100;"admin";1
814;"Dendeng mujahir goreng";598.0;74.3;26.9;9.2;1957.0;1447.0;7.4;60.0;0.19;0.0;100.0;100;"admin";1
815;"Empek kapal selam";190.0;13.2;6.6;19.4;500.0;155.0;1.5;5.0;0.33;0.0;100.0;100;"admin";1
816;"Empek kelesan";211.0;12.3;6.1;26.6;840.0;176.0;1.8;48.0;0.25;0.0;100.0;100;"admin";1
817;"Empek tangiri";173.0;7.2;1.2;33.4;164.0;80.0;3.1;0.0;0.02;0.0;100.0;100;"admin";1
818;"Empek-empek belida";156.0;4.2;1.4;31.6;100.0;55.0;3.3;0.0;0.03;0.0;100.0;100;"admin";1
819;"Gurame asam manis";192.0;12.7;10.1;12.7;283.0;169.0;1.1;63.0;0.1;0.0;100.0;100;"admin";1
820;"Ikan mas goreng (Menu Pgln)";182.0;18.1;0.0;0.0;20.0;0.0;2.0;150.0;0.5;0.0;100.0;100;"admin";1
821;"Ikan mas semur (Menu Pgln)";225.0;14.7;0.0;0.0;35.5;0.0;2.2;171.0;0.05;0.9;100.0;100;"admin";1
822;"Ikan tongkol (tuna)";117.0;23.2;2.7;0.0;0.0;0.0;0.0;0.0;0.0;0.0;100.0;100;"admin";1
823;"Ikan tongkol masak kuwah";119.0;15.7;3.5;6.1;0.0;0.0;0.0;0.0;0.0;0.0;100.0;100;"admin";1
824;"Kerupuk udang";17.0;0.7;1.5;2.6;14.9;0.0;0.06;0.0;0.01;0.0;100.0;5;"admin";1
825;"Lele dumbo/pecak";372.0;7.8;36.3;3.5;289.0;295.0;5.3;210.0;0.0;0.0;100.0;100;"admin";1
826;"Mujahir acar kuning";330.0;17.8;23.4;12.1;154.0;357.0;5.3;79.0;0.15;0.0;100.0;100;"admin";1
827;"Mujahir goreng";416.0;46.9;23.9;0.0;346.0;654.0;0.9;40.0;0.12;0.0;100.0;100;"admin";1
828;"Mujahir pepes";121.0;21.7;2.8;0.8;83.0;248.0;0.0;25.0;0.0;0.0;100.0;100;"admin";1
829;"Pecak lele";372.0;7.8;36.3;3.5;289.0;295.0;5.3;210.0;0.12;0.0;100.0;100;"admin";1
830;"Pepes ikan mas";209.0;15.2;11.3;11.8;686.0;530.0;6.1;10.0;0.13;0.0;100.0;100;"admin";1
831;"Petis";345.0;23.8;1.4;59.3;221.0;397.0;3.8;6.0;1.02;0.0;100.0;100;"admin";1
832;"Petis udang";345.0;23.8;1.4;59.3;221.0;397.0;3.8;6.0;1.02;0.0;100.0;100;"admin";1
833;"Tenggiri";109.0;21.5;2.6;0.0;0.0;0.0;0.0;0.0;0.0;0.0;100.0;100;"admin";1
834;"Teri blado";365.0;23.7;22.3;17.5;869.0;348.0;4.0;90.0;0.13;0.0;100.0;100;"admin";1
835;"Teripang dendeng goreng";462.0;39.1;32.4;3.5;499.0;616.0;96.4;6.0;1.37;0.0;100.0;100;"admin";1
836;"Acar timun";10.0;0.5;0.2;2.0;20.0;98.0;1.0;0.0;3.0;0.0;100.0;100;"admin";0
837;"Bayam kukus";30.0;1.3;0.7;5.8;239.0;35.0;5.7;0.0;0.02;32.0;100.0;100;"admin";1
838;"Bayam rebus";23.0;1.2;0.6;3.7;150.0;35.0;0.5;0.0;0.02;19.0;100.0;100;"admin";1
839;"Botok lamtoro";186.0;11.7;9.7;13.0;771.0;322.0;26.0;60.0;0.27;1.5;100.0;100;"admin";1
840;"Brongkos";141.0;15.3;3.3;12.6;87.0;97.0;5.1;13.0;0.4;0.0;100.0;100;"admin";1
841;"Buncis rebus";30.0;2.2;0.2;6.4;107.0;47.0;0.5;0.0;0.01;8.0;100.0;100;"admin";1
842;"Buntil daun talas";141.0;4.4;10.2;8.0;149.0;121.0;14.5;44.0;0.25;0.9;100.0;100;"admin";1
843;"Gado-gado";203.0;6.7;8.7;24.6;21.0;0.0;2.08;600.0;0.0;0.0;100.0;150;"admin";1
844;"Gado-gado (DKBM P3G '90)";137.0;6.1;3.2;21.0;301.0;135.0;7.5;10.0;0.1;1.0;100.0;100;"admin";1
845;"Gudeg";160.0;3.3;9.2;16.0;62.0;55.0;12.8;0.0;0.15;0.0;100.0;100;"admin";1
846;"Gulai pakis";143.0;4.0;11.4;6.0;548.0;124.0;1.7;35.0;0.35;0.8;100.0;100;"admin";1
847;"Kac. panjang rebus (Menu Pgln)";38.0;2.4;0.0;0.0;42.1;0.0;0.6;288.0;0.0;18.1;100.0;100;"admin";1
848;"Keredok";92.0;2.2;3.3;14.1;174.0;85.0;2.4;0.0;0.08;3.8;100.0;100;"admin";1
849;"Ketoprak";153.0;7.9;7.7;13.0;153.0;134.0;3.4;10.0;0.05;0.0;100.0;100;"admin";1
850;"Kripik bayam";586.0;4.9;40.6;50.2;236.0;117.0;3.6;0.0;0.16;0.0;100.0;100;"admin";1
851;"Pecel";243.0;11.14;12.53;31.72;267.0;333.0;3.54;10978.0;0.28;99.99;100.0;100;"admin";1
852;"Sayur asem";29.0;0.7;0.6;5.0;40.0;61.0;3.1;47.0;0.1;0.3;100.0;100;"admin";1
853;"Sayur daging ayam (Menu Pgln)";451.0;27.2;0.0;0.0;14.0;0.0;1.5;810.0;0.08;0.0;100.0;100;"admin";1
854;"Sayur daging sapi (Menu Pgln)";239.0;21.7;0.0;0.0;21.3;0.0;5.4;58.0;0.15;0.0;100.0;100;"admin";1
855;"Sayur kacang merah (Menu Pgln)";321.0;17.4;0.0;0.0;59.9;0.0;3.6;0.0;0.4;0.0;100.0;100;"admin";1
856;"Sayur lodeh";240.0;9.08;12.45;30.65;135.0;184.0;4.26;1465.0;0.14;29.0;100.0;100;"admin";1
857;"Sayur lodeh (Menu Pgln)";108.0;1.9;0.0;0.0;35.4;0.0;15.9;401.0;0.32;10.6;100.0;100;"admin";1
858;"Sayur sop";27.0;1.3;2.0;1.0;168.0;57.0;1.8;67.0;0.1;0.2;100.0;100;"admin";1
859;"Sayur sosin (Menu Pgln)";18.0;1.9;0.0;0.0;174.4;0.0;23.0;5129.0;0.08;81.0;100.0;100;"admin";1
860;"Sayur soup (Menu Pgln)";61.0;1.4;0.0;0.0;20.8;0.0;0.7;2141.0;0.08;18.8;100.0;100;"admin";1
861;"Sayur tahu sosin (Menu Pgln)";92.0;4.3;0.0;0.0;74.7;0.0;6.4;1428.0;0.03;22.6;100.0;100;"admin";1
862;"Sayur tahu toge (Menu Pgln)";114.0;3.4;0.0;0.0;47.9;0.0;0.2;0.0;0.02;3.3;100.0;100;"admin";1
863;"Sayur telur wortel (Menu Pgln)";140.0;10.7;0.0;0.0;52.7;0.0;2.7;2380.0;0.07;0.7;100.0;100;"admin";1
864;"Sayur tempe (Menu Pgln)";161.0;9.3;0.0;0.0;98.7;0.0;3.4;55.0;0.03;1.5;100.0;100;"admin";1
865;"Semur jengkol";77.0;1.8;2.4;12.1;0.02;0.0;0.7;824.0;0.0;0.0;100.0;40;"admin";1
866;"Semur jengkol kacang kedele";212.0;6.0;8.7;29.1;77.0;99.0;1.0;0.0;0.14;4.0;100.0;100;"admin";1
867;"Semur telur (Menu Pgln)";178.0;5.0;0.0;0.0;60.8;0.0;3.2;800.0;0.09;0.0;100.0;100;"admin";1
868;"Soto bandung";42.0;3.9;1.7;2.8;74.0;75.0;1.8;21.0;0.05;0.0;100.0;100;"admin";1
869;"Soto banjar";100.0;4.7;6.7;5.1;147.0;81.0;1.8;41.0;0.05;0.0;100.0;100;"admin";1
870;"Soto betawi";135.0;2.5;8.8;11.5;222.0;72.0;1.9;21.0;0.04;0.0;100.0;100;"admin";1
871;"Soto kudus";38.0;2.6;2.3;1.8;237.0;67.0;1.7;75.0;0.06;0.5;100.0;100;"admin";1
872;"Soto madura";60.0;3.5;4.5;1.3;361.0;126.0;3.8;87.0;0.06;0.0;100.0;100;"admin";1
873;"Soto padang";127.0;5.9;6.6;11.0;298.0;94.0;1.5;41.0;0.22;0.0;100.0;100;"admin";1
874;"Soto pekalongan";94.0;3.0;6.8;5.1;322.0;79.0;2.0;45.0;0.29;0.0;100.0;100;"admin";1
875;"Soto pemalang";75.0;3.6;5.2;3.5;170.0;80.0;2.1;52.0;0.13;0.0;100.0;100;"admin";1
876;"Soto sukoraja";80.0;3.2;3.5;9.0;347.0;77.0;2.3;40.0;0.04;0.0;100.0;100;"admin";1
877;"Soto sulung";86.0;2.3;8.5;0.0;200.0;120.0;2.9;66.0;0.08;0.0;100.0;100;"admin";1
878;"Toge goreng";88.0;3.2;2.1;14.0;168.0;50.0;5.7;8.0;0.05;0.0;100.0;100;"admin";1
879;"Tumis Jagung sayur";201.0;3.7;14.1;27.1;11.7;0.0;0.49;166.0;2.26;0.0;100.0;135;"admin";1
880;"Tumis bayam (Menu Pgln)";193.0;2.0;0.0;0.0;191.9;0.0;2.8;4366.0;0.06;57.4;100.0;100;"admin";1
881;"Tumis bayam + santan";48.0;1.4;4.2;2.6;129.0;27.0;0.8;0.0;0.01;22.0;100.0;100;"admin";1
882;"Tumis kangkung (Menu Pgln)";92.0;2.5;0.0;0.0;69.6;0.0;2.4;5663.0;0.2;28.8;100.0;100;"admin";1
883;"Tumis ketang (Menu Pgln)";120.0;1.9;0.0;0.0;10.5;0.0;0.7;0.0;0.1;16.1;100.0;100;"admin";1
884;"Tumis labu siam (Menu Pgln)";88.0;0.7;0.0;0.0;17.8;0.0;0.7;20.0;0.02;18.0;100.0;100;"admin";1
885;"Tumis teri +buncis (Menu Pgln)";158.0;33.5;0.0;0.0;1002.6;0.0;3.4;452.0;0.13;7.6;100.0;100;"admin";1
886;"Cerelac";418.0;9.0;15.5;68.9;443.33;357.0;7.5;1036.0;0.8;35.0;100.0;100;"admin";1
887;"Enfamil";525.0;11.8;29.0;55.0;350.0;0.0;9.4;300.0;0.0;0.0;100.0;100;"admin";1
888;"Es krim (coconut milk)";47.0;0.9;0.5;9.8;2.0;0.0;0.03;0.0;0.0;0.0;100.0;30;"admin";1
889;"LLM";481.0;20.0;21.0;0.0;5.0;0.0;5.0;2000.0;0.0;0.0;100.0;100;"admin";1
890;"Lactogen";464.0;21.6;19.0;51.6;770.0;0.0;8.3;1390.0;0.0;0.0;100.0;100;"admin";1
891;"Morinaga";515.0;13.0;27.0;55.1;360.0;0.0;6.0;1800.0;0.0;0.0;100.0;100;"admin";1
892;"Promil";460.0;20.0;18.0;55.0;172.0;0.0;1.2;345.0;0.0;0.0;100.0;100;"admin";1
893;"Promina";409.0;12.57;8.78;71.92;372.14;269.0;9.52;1262.0;0.32;43.0;100.0;100;"admin";1
894;"S.G.M";461.0;20.0;18.0;54.7;703.0;0.0;7.0;2200.0;0.0;0.0;100.0;100;"admin";1
895;"Sustagen HP";1540.0;94.0;14.0;260.0;3.2;0.0;13.2;4404.0;0.0;0.0;100.0;100;"admin";1
896;"Susu full cream";502.0;27.0;26.0;40.0;800.0;600.0;6.67;1580.0;0.6;47.0;100.0;100;"admin";1
897;"Anak mas rasa ayam";400.0;7.0;22.0;65.0;200.0;0.0;5.0;1400.0;0.75;30.0;100.0;100;"admin";0
898;"Anak mas rasa keju";440.0;7.0;22.0;65.0;200.0;0.0;5.0;1400.0;0.75;30.0;100.0;100;"admin";0
899;"Bakpau";239.0;12.2;2.6;41.6;21.0;65.0;2.8;92.0;0.09;0.0;100.0;100;"admin";1
900;"Bakso";190.0;10.3;6.3;23.1;35.0;0.0;6.75;0.0;0.0;4.0;100.0;250;"admin";1
901;"Berondong";60.0;0.6;0.1;14.3;1.5;0.0;0.07;0.0;1.44;0.0;100.0;15;"admin";1
902;"Bika ambon";158.0;2.1;0.2;37.0;0.01;0.0;3.43;0.0;0.0;0.0;100.0;70;"admin";1
903;"Biskuit mahal";35.0;0.8;1.1;5.4;16.2;0.0;0.14;2.0;0.15;0.0;100.0;10;"admin";1
904;"Biskuit mahal (Menu Pgln)";350.0;8.0;0.0;0.0;162.0;0.0;1.4;20.0;1.5;0.0;100.0;100;"admin";1
905;"Biskuit murah";26.0;0.5;0.1;8.6;5.3;0.0;0.07;0.0;0.06;0.0;100.0;10;"admin";1
906;"Cake (bolu)";435.0;7.1;19.8;57.1;15.0;160.0;0.8;65.0;0.06;1.0;100.0;100;"admin";1
907;"Cake coklat (bolu)";373.0;6.8;18.6;44.7;10.0;146.0;2.4;75.0;0.45;0.0;100.0;100;"admin";1
908;"Castangel";52.0;2.05;5.2;8.45;40.0;28.0;0.24;202.0;0.0;0.0;100.0;100;"admin";1
909;"Chiki snack rasa coklat";484.0;6.0;20.0;70.0;200.0;0.0;5.0;1200.0;0.0;30.0;100.0;100;"admin";1
910;"Chiki snack rasa rendang";510.0;7.0;25.0;64.0;200.0;0.0;5.0;1200.0;0.0;20.0;100.0;100;"admin";1
911;"Coklat (Menu Pgln)";472.0;2.0;0.0;0.0;63.0;0.0;2.8;30.0;0.03;0.0;100.0;100;"admin";1
912;"Cucur";145.0;2.39;1.28;31.36;10.0;31.0;0.53;0.0;0.02;0.0;100.0;100;"admin";1
913;"Dawet";878.0;11.25;14.9;175.37;163.0;230.0;2.28;0.0;0.0;2.0;100.0;100;"admin";1
914;"Donat";357.0;9.4;10.4;56.5;0.0;0.0;0.0;0.0;0.0;0.0;100.0;100;"admin";1
915;"Enting gepuk";524.0;13.3;29.2;52.0;76.0;248.0;1.4;0.0;0.62;0.0;100.0;100;"admin";1
916;"Es mambo";38.0;0.0;0.0;9.4;0.5;0.0;0.01;0.0;0.0;0.0;100.0;25;"admin";1
917;"Es pung-pung (es puter)";48.0;0.2;1.0;10.16;2.0;3.0;0.0;0.0;0.0;0.0;100.0;100;"admin";1
918;"Es sirup";56.0;0.0;0.0;14.1;0.8;0.0;0.01;0.0;0.0;0.0;100.0;125;"admin";1
919;"Geplak";350.0;1.4;14.4;53.6;151.0;43.0;2.1;0.0;0.12;0.0;100.0;100;"admin";1
920;"Geplak jahe";462.0;3.1;21.4;57.7;212.0;161.0;6.6;0.0;0.12;0.0;100.0;100;"admin";1
921;"Gurandil";218.0;0.5;2.5;48.5;50.0;25.0;2.5;0.0;0.19;0.0;100.0;100;"admin";1
922;"Gurandil jahe";425.0;1.6;8.8;84.6;155.0;61.0;4.0;0.0;0.2;0.0;100.0;100;"admin";1
923;"Japilus";500.0;1.2;25.1;67.3;186.0;29.0;4.9;0.0;0.17;0.0;100.0;100;"admin";1
924;"Kelepon";215.0;3.7;3.7;41.8;232.0;45.0;3.3;0.0;0.09;0.0;100.0;100;"admin";1
925;"Kolek pisang (Menu Pgln)";198.0;1.6;0.0;0.0;35.0;0.0;1.0;26.0;0.02;2.3;100.0;100;"admin";1
926;"Kolek ubi (Menu Pgln)";195.0;1.9;0.0;0.0;42.7;0.0;1.0;4656.0;0.05;14.1;100.0;100;"admin";1
927;"Koya";366.0;4.2;4.3;77.5;153.0;222.0;7.0;0.0;0.0;0.0;100.0;100;"admin";1
928;"Koya mirasa";370.0;8.0;1.0;82.2;83.0;110.0;17.0;10.0;0.19;0.0;100.0;100;"admin";1
929;"Kue ali";440.0;3.8;18.5;64.5;27.0;47.0;2.5;0.0;0.13;0.0;100.0;100;"admin";1
930;"Kue bagea kualitas I";416.0;6.5;9.4;76.3;49.0;77.0;4.9;13.0;0.08;0.0;100.0;100;"admin";1
931;"Kue bagea kualitas II";382.0;0.3;3.5;87.2;172.0;120.0;7.0;0.0;0.02;0.0;100.0;100;"admin";1
932;"Kue bakpia";272.0;3.7;6.7;44.1;194.0;117.0;4.5;0.0;0.31;0.0;100.0;100;"admin";1
933;"Kue bakwan";280.0;8.2;10.2;39.0;79.0;7.0;0.0;0.0;0.08;0.0;100.0;100;"admin";1
934;"Kue bawang";488.0;8.8;21.6;64.6;22.0;85.0;1.5;5.0;0.07;0.0;100.0;100;"admin";1
935;"Kue bika ambon kualitas I";349.0;2.1;1.5;44.4;45.0;28.0;1.8;0.0;0.1;0.0;100.0;100;"admin";1
936;"Kue bika ambon kualitas II";327.0;0.2;1.9;78.9;256.0;103.0;4.0;0.0;0.08;0.0;100.0;100;"admin";1
937;"Kue brem";249.0;3.4;0.4;58.0;196.0;86.0;2.0;0.0;0.34;0.0;100.0;100;"admin";1
938;"Kue cake tape";323.0;4.9;11.5;50.1;131.0;83.0;2.6;86.0;0.38;0.0;100.0;100;"admin";1
939;"Kue cucuru bayao";323.0;4.6;10.5;53.8;69.0;2.0;1.8;0.0;0.03;0.0;100.0;100;"admin";1
940;"Kue dodol bali";298.0;3.7;2.1;65.9;70.0;76.0;2.5;0.0;0.28;0.0;100.0;100;"admin";1
941;"Kue hello kity";538.0;13.6;30.3;52.6;81.0;248.0;1.6;0.0;1.0;0.0;100.0;100;"admin";1
942;"Kue karo";110.0;2.0;0.9;23.4;3.0;23.0;0.3;0.0;0.0;0.0;100.0;100;"admin";1
943;"Kue wijen";565.0;18.2;38.4;36.8;251.0;502.0;10.9;0.0;0.92;0.0;100.0;100;"admin";1
944;"Lapis legit";389.0;6.6;15.7;55.5;16.0;136.0;1.9;137.0;0.26;0.0;100.0;100;"admin";1
945;"Ledre pisang";405.0;4.8;5.1;84.9;59.0;124.0;2.6;12.0;0.41;0.0;100.0;100;"admin";1
946;"Lempog durian";320.0;3.5;5.7;63.7;190.0;93.0;2.5;0.0;0.05;0.0;100.0;100;"admin";1
947;"Lupis ketan";164.0;1.8;2.1;34.5;119.0;31.0;1.5;0.0;0.09;0.0;100.0;100;"admin";1
948;"Mendoan";92.0;4.89;1.04;16.19;26.0;47.0;2.01;9.0;0.05;0.0;100.0;100;"admin";1
949;"Mendut/mata kebo";86.0;3.11;1.19;16.35;16.0;54.0;0.8;15.0;0.0;0.0;100.0;100;"admin";1
950;"Mpek-mpek";182.0;9.2;3.8;27.8;401.0;116.0;2.4;13.0;0.16;0.0;100.0;100;"admin";1
951;"Nopia spesial";387.0;5.3;7.6;74.3;903.0;133.0;4.2;0.0;0.17;0.0;100.0;100;"admin";1
952;"Peremen";8.0;0.0;0.0;1.9;0.1;0.0;0.0;0.0;0.0;0.0;100.0;2;"admin";1
953;"Permen (Menu Pgln)";400.0;0.0;0.0;0.0;5.0;0.0;0.0;0.0;0.0;0.0;100.0;100;"admin";1
954;"Pisang getuk";144.0;1.1;0.4;34.1;48.0;32.0;1.0;0.0;0.55;0.0;100.0;100;"admin";1
955;"Pisang goreng";132.0;1.4;3.8;23.1;7.2;0.0;0.03;0.0;0.0;0.0;100.0;60;"admin";1
956;"Pisang kripik lampung";485.0;1.7;22.2;69.7;43.0;65.0;0.8;0.0;0.34;0.0;100.0;100;"admin";1
957;"Pudding (Menu Pgln)";194.0;1.9;0.0;0.0;33.5;0.0;0.2;0.0;0.0;99.99;100.0;100;"admin";1
958;"Putu cangkir";304.0;5.3;7.0;54.9;18.0;193.0;4.0;0.0;0.06;0.0;100.0;100;"admin";1
959;"Rujak";228.0;7.6;15.5;14.5;29.0;29.0;3.2;163.0;0.1;6.0;100.0;100;"admin";1
960;"Sagon";84.0;0.98;1.1;18.1;0.0;18.0;0.27;0.0;0.0;0.0;100.0;100;"admin";1
961;"Satru ponorogo";380.0;13.9;2.1;76.4;116.0;319.0;4.8;0.0;0.41;0.0;100.0;100;"admin";1
962;"Sempril sagu";477.0;0.7;18.4;77.3;98.0;25.0;1.5;137.0;0.09;0.0;100.0;100;"admin";1
963;"Suwir-suwir";317.0;0.5;0.9;84.2;42.0;40.0;4.3;4.0;0.13;0.0;100.0;100;"admin";1
964;"Taro";523.0;5.8;28.2;61.3;0.0;0.0;0.0;0.0;0.0;0.0;100.0;100;"admin";1
965;"Wafer";53.0;2.7;28.7;66.7;182.0;0.0;2.8;0.0;0.0;0.0;100.0;100;"admin";1
966;"Wajit camilan";303.0;6.3;2.7;63.3;61.0;302.0;5.5;0.0;0.03;0.0;100.0;100;"admin";1
967;"Wedang jahe";59.0;0.14;0.09;15.07;2.0;3.0;0.15;2.0;0.0;0.0;100.0;100;"admin";1
968;"Wedang jeruk";60.0;0.12;0.03;15.75;3.0;2.0;0.0;28.0;0.0;7.0;100.0;100;"admin";1
969;"Widaran";424.0;1.3;10.7;80.7;49.0;88.0;2.5;69.0;0.13;0.0;100.0;100;"admin";1
970;"Wingko babat";355.0;3.2;15.1;51.4;47.0;63.0;1.1;0.0;0.08;0.0;100.0;100;"admin";1
971;"Yangko";254.0;3.0;1.1;58.1;184.0;24.0;2.6;0.0;0.15;0.0;100.0;100;"admin";1
972;"asdad";123.0;123.0;99.99;12.0;1232.0;9999.99;12.0;12.0;12.0;12.0;12.0;100;"admin";0
973;"asdad";123.0;123.0;12.0;12.0;12.0;12.0;12.0;12.0;12.0;12.0;12.0;100;"admin";1
974;"qweqe";123.0;0.0;0.0;0.0;0.0;0.0;0.0;0.0;0.0;0.0;0.0;0;"";0
975;"nathan";99.0;0.0;0.0;0.0;0.0;0.0;0.0;0.0;0.0;0.0;0.0;0;"";0
976;"NATHAN";10.0;10.0;1.0;10.0;10.0;1.0;1.0;0.0;10.0;1.0;100.0;75;"admin";1
